date,US_Equity,Europe_Equity,EM_Equity,Gov_Bonds,Corp_Bonds,Gold
2021-01-04,100.0000000000,100.0000000000,100.0000000000,100.0000000000,100.0000000000,100.0000000000
2021-01-05,100.0455990286,99.3143234929,99.4228296684,100.2658756625,100.5566044073,101.0510582749
2021-01-06,99.5251000732,99.5932878214,99.4031014792,100.2722757523,100.2745174300,101.2181683398
2021-01-07,99.4920925512,100.1180493829,99.0625054586,100.2340974773,100.5306926504,100.2787967058
2021-01-08,98.3248391101,99.6943441311,98.1988096134,100.0400473096,100.0844676042,100.0261331941
2021-01-11,98.9003726926,100.1953236508,98.4750951050,99.9621050725,100.0403141727,100.5479114116
2021-01-12,96.4257703253,98.4992056334,96.4340993207,100.1888448790,99.2067812284,100.2452336605
2021-01-13,96.4258294883,98.2038074387,96.9818028675,99.8944721886,98.7757539260,100.8925168658
2021-01-14,97.1940109854,98.9300380402,97.6368381222,99.6471842852,98.7066474201,100.8927615033
2021-01-15,96.9532664441,98.0570399052,96.7576147625,99.9840721635,98.9381122570,100.8211745439
2021-01-18,97.8318094559,97.7819054486,97.4240215836,100.0871351477,98.9244329995,101.5780870096
2021-01-19,99.6074620902,99.2270031973,99.2649990287,99.8288329246,99.0011008228,102.3408960607
2021-01-20,99.9834877769,99.6464457887,99.3981441302,100.0677552186,99.6863018793,102.9910029294
2021-01-21,101.3389478679,100.2991739614,100.3210439830,100.0768537974,99.9890509569,102.8930390001
2021-01-22,100.5298612587,100.0368391520,99.5186329784,100.2921968621,100.1041443003,103.0574476268
2021-01-25,101.7426641925,101.0831863454,101.0806588021,100.1207712822,100.2067813018,102.8571242460
2021-01-26,101.0385562800,100.1196737811,100.5885244519,100.3797215659,100.6589455439,102.7526221753
2021-01-27,101.8843743230,101.5971081521,102.2017788534,100.7091877053,101.0078542980,103.9487173822
2021-01-28,102.2269907857,101.6101535821,103.0518035545,100.8549280206,101.3714143076,103.2583139119
2021-01-29,101.1781410803,100.6904318157,102.0703911160,100.8326581047,101.4684163351,104.6707750858
2021-02-01,100.9771218433,100.9129315896,101.9126644821,100.3957990907,101.0797649902,105.1442848250
2021-02-02,102.5858163049,101.6527543962,102.8866726128,100.0062567161,100.9723590773,105.3922822403
2021-02-03,100.4038377217,100.2640664555,101.7091775067,100.0608861431,100.8847183214,105.9119333092
2021-02-04,99.1131461193,99.5951073055,101.7965521225,100.1574785104,100.4697416557,105.6213009166
2021-02-05,97.7752009671,98.2627649125,99.1369151978,101.1618246009,100.8123257059,102.6676202080
2021-02-08,98.2563648212,98.9589067125,100.4111379488,100.8052608799,100.6595723813,103.0988770025
2021-02-09,97.7354384484,98.6473045058,101.5906799376,100.9662676422,100.2778640209,103.7208543090
2021-02-10,97.3766546426,98.6867902222,101.7098369043,101.2724302031,100.7470710385,102.7005292448
2021-02-11,95.0363297532,97.4848806261,99.0359301278,101.4291742145,100.0767497535,102.9650748191
2021-02-12,95.2357387732,97.2148657027,99.5112461299,101.2458151583,100.3049421870,102.9873045627
2021-02-15,96.8395073207,98.8025418544,100.2608959183,101.3560260954,100.8045957303,103.4509731565
2021-02-16,96.0547089058,97.3425051380,98.8659797738,101.4002092962,99.9996842228,102.9816581071
2021-02-17,95.8952315551,96.4302550273,99.2565286038,100.5685359355,99.1544837350,103.8747051141
2021-02-18,96.0559040604,96.9071531577,100.1155096374,100.3810901341,99.2150839175,102.4562196579
2021-02-19,96.6361990059,96.6364090178,99.9010895519,100.2998982877,98.9924964197,102.7861768055
2021-02-22,97.9959706700,98.3711604823,102.8557042198,100.4210589931,99.8316563537,103.1093136506
2021-02-23,96.7170277771,97.6082534136,102.0126344525,100.7656663478,99.5391168971,104.0223153989
2021-02-24,96.2970762092,97.4163488501,101.3960783713,101.0246836288,99.5760159130,102.6842281097
2021-02-25,95.9313961723,97.5493276724,101.2275465375,100.6115426380,98.5614530737,103.5776519018
2021-02-26,96.2085224593,98.0498468468,103.0403918673,100.5921077149,98.4226539805,103.7437911086
2021-03-01,96.3426581112,97.8376805212,105.0969065390,100.5609911107,98.7098649208,104.1387843986
2021-03-02,96.1770386917,98.7791444424,107.1143172873,99.7954947401,98.5489855581,103.9827471919
2021-03-03,97.7909467650,101.1935037828,106.9632231839,100.3277921040,99.4348240975,103.0965189576
2021-03-04,96.1892794365,99.3477433863,105.0340588293,100.1481481841,98.7974868052,103.5600847460
2021-03-05,95.8544896599,99.3952741403,105.5203829741,99.9839253349,98.7954263631,104.7325849597
2021-03-08,95.8413423594,99.0520196013,104.7482351205,100.0083869732,98.7163070799,103.8145150069
2021-03-09,97.2976138674,99.3114832254,105.4292264138,99.3347760998,98.2389265304,103.8591074580
2021-03-10,98.0323120521,100.2636312469,105.8861399517,98.9510838353,98.6163513942,105.2469273112
2021-03-11,96.9125142785,99.3350165981,105.3060060167,98.9451391805,98.2819341279,104.4062471403
2021-03-12,97.0745356556,99.6619965938,105.7325315836,98.1399279726,98.3178264693,104.5225307025
2021-03-15,97.3729621775,99.8610971559,105.9840178700,98.7084195539,98.8739789843,104.5009367548
2021-03-16,95.4593960819,98.5981267840,103.7146514363,98.7883201794,98.6753162077,105.5606710967
2021-03-17,96.7957178763,98.8790954926,103.5261426502,98.3916085711,98.3624619908,104.7486206605
2021-03-18,95.3455110522,97.7914034408,101.0722817807,98.5340860136,98.1781026693,104.0806867518
2021-03-19,94.2348162575,97.3520359066,99.7202224311,98.4865207399,97.5907501844,104.9810263962
2021-03-22,92.5390355477,95.2441062720,98.3394739775,98.7479219456,97.4025879907,103.6689791443
2021-03-23,90.8802513801,94.1272597195,96.9767113448,98.7727762775,97.2797817882,102.5744843367
2021-03-24,92.0845386074,94.5963944968,97.2303768755,99.3977313398,98.0717569860,102.7778961917
2021-03-25,91.7425268522,95.6198414049,96.6050091353,100.0774355014,98.5584611275,102.5465568415
2021-03-26,93.9196294640,96.9076823553,98.0349889633,100.1950268436,99.0268036340,101.8298707069
2021-03-29,93.2151447688,95.9142318267,96.7356199840,100.4802424117,99.0277572170,101.4767525327
2021-03-30,93.3060621504,96.7285565983,96.5540027582,100.9691179349,99.1473620591,101.2957319850
2021-03-31,94.1769506083,97.1493170749,97.3628495343,100.9992192436,99.0398219102,102.2889646593
2021-04-01,94.5232365502,95.9557037850,95.8895447455,100.5932832385,99.0404001923,101.6741778874
2021-04-02,93.5307414681,94.0107549417,94.0933061421,100.7838437353,99.0905455559,101.8530020543
2021-04-05,95.0471473515,95.3051629321,95.7031612058,100.3404465276,99.5904908424,103.0387725491
2021-04-06,97.2715745742,97.1073016796,98.4653090482,99.9117621151,99.8876545855,103.5078018872
2021-04-07,96.4996720479,96.8563892063,97.4370175840,100.1998990443,99.8800949109,103.1842749201
2021-04-08,95.7004775606,96.3864896955,96.3957934960,100.4948637181,99.6655739059,103.4150762936
2021-04-09,96.1872654542,98.1274155600,99.7180924291,100.7866305818,100.2663347330,104.6013520176
2021-04-12,97.2462483635,98.3788023758,99.4598109220,100.9175907170,100.1626106042,104.8200784256
2021-04-13,96.3718238163,98.3631410197,99.9017200293,101.2379292670,100.4868723699,105.3376793251
2021-04-14,96.0146598464,97.1420653968,99.4483640050,101.5231661127,100.3969304424,103.4818957001
2021-04-15,95.6836796766,97.5000833856,99.4699315719,101.6212150740,100.8112974383,105.2404514939
2021-04-16,96.5133761236,98.0372006388,100.2672945080,101.6313294695,100.6726828941,105.0340130900
2021-04-19,96.5405303631,98.8410843424,100.3702191371,101.4775540713,100.5062617022,106.5741908454
2021-04-20,97.9001826221,99.0330178834,99.4383652721,101.3879432006,100.5258801323,106.8370321971
2021-04-21,96.7418223230,98.1997246043,98.1696058125,101.2838133447,100.3049605447,107.3910301107
2021-04-22,97.4387751438,99.1763527157,100.8455877270,101.4438199309,100.3239851869,109.4459152325
2021-04-23,96.1440208857,98.3498890549,99.5946432887,101.7010355718,100.1379497548,110.0954746174
2021-04-26,95.3580468463,98.5303538518,98.5966523242,102.3850553151,99.8435097919,110.3663031959
2021-04-27,95.7440108754,98.3345080850,98.1194130009,102.3692230208,99.8702773764,109.0903538870
2021-04-28,96.6389245206,98.7633991302,99.2884651436,101.9292775812,99.6072397929,108.7989493616
2021-04-29,97.4075787454,98.4200205127,99.7111251642,102.2123195622,100.1034807115,108.5421609977
2021-04-30,99.5458509291,100.0937922836,101.5232899616,101.9986770052,101.0028287351,110.7703259465
2021-05-03,102.9894969748,103.3142632210,103.9732155417,102.1442427324,102.0518208479,112.5638134539
2021-05-04,104.4522498440,104.9307719641,105.8669135511,101.8877518998,102.2157908965,113.2671395120
2021-05-05,104.4880081030,103.9039884652,104.6133565865,101.9171306880,102.3298233578,114.0970836504
2021-05-06,103.1726096537,103.5403860534,102.3964355615,101.8426476560,101.8018222650,114.1406307312
2021-05-07,102.9379732387,103.5873611029,102.2080762415,102.1946160526,101.9556113795,112.4772738090
2021-05-10,105.1418196324,104.1712431174,104.2514876584,102.4180048866,102.9709528009,112.3613361779
2021-05-11,106.6587840099,105.7751499750,106.3341212994,102.3662255723,103.5196959291,113.6356767534
2021-05-12,106.6230925663,105.6178088269,105.8309932111,102.3193888715,103.2466773285,114.7458992336
2021-05-13,106.7563670310,105.4968473350,105.3339213964,102.4861798353,103.6855414900,112.7350568066
2021-05-14,107.9364958503,106.4617651918,106.9919412698,102.1964551541,104.0334396716,113.9345208887
2021-05-17,106.9137920653,105.9640571016,105.9476658501,102.2504655527,103.7391126984,112.9206832306
2021-05-18,108.0631302985,107.7370276125,107.6989884412,102.0240684145,104.4361667918,113.3481576018
2021-05-19,107.2383913723,106.0176887405,106.0875996239,102.5675151875,104.9283700550,111.8853131162
2021-05-20,108.2932620533,105.6209886620,106.1125223607,102.5089346766,105.2617332267,113.3209373166
2021-05-21,108.2260993814,105.3438461730,106.1495552458,101.7036142135,104.9004521029,111.5274892542
2021-05-24,109.6564835154,106.0904447053,107.9679148327,101.1214180875,105.2847825018,112.2418643203
2021-05-25,109.0440761163,106.1334771938,106.8890573205,101.6016134799,105.4442346768,112.8643713190
2021-05-26,108.3347778699,104.5797043622,106.7440447616,101.7669367465,105.2684223435,112.0212590122
2021-05-27,109.2455725206,106.2156201873,108.9869344078,101.6259322468,105.5126634498,111.7180623468
2021-05-28,110.2076477483,106.8261006794,109.8111639061,101.4197520284,105.7460762291,110.4716607698
2021-05-31,110.0772696981,105.5760986871,109.4026630458,101.1491445406,106.0562975501,110.9229775695
2021-06-01,108.2298677191,104.7811109820,107.4856609476,101.6113661351,106.1006404728,107.9790808025
2021-06-02,108.5928200394,104.6836416845,107.6182991589,102.0595120601,106.4111586089,109.2323430456
2021-06-03,106.3544634175,102.8539079321,105.2444987996,101.7979013276,105.9672010190,108.4892276393
2021-06-04,106.3076346128,103.6181135940,104.1800702596,101.3926875210,105.8748252781,109.1042503302
2021-06-07,105.6529214371,102.9734060369,103.8244115871,100.9858394370,105.3525905627,108.5194050183
2021-06-08,107.0499315837,104.3020846828,106.3563641354,100.6017625426,106.0380702488,108.7885866686
2021-06-09,107.6888817907,106.6414303268,108.8005779489,100.6302556612,106.4968563447,108.4500645266
2021-06-10,108.3127990343,107.7838740313,109.3690018803,100.0173585592,105.9710522560,109.9797041427
2021-06-11,108.2447809061,107.7064543379,108.4187894526,99.6388646691,105.6404865204,110.2306140068
2021-06-14,109.3986875324,107.8073901380,108.5347449622,99.5327840334,105.8566636865,111.0886107080
2021-06-15,108.3287707103,108.4433951300,107.9554599055,100.0410227625,106.4986151122,111.2486591473
2021-06-16,110.1980360605,110.5253554833,111.4853348776,99.4718865768,106.7296880091,112.5560289712
2021-06-17,111.1827299636,112.1259523582,112.4486595348,99.9417098189,107.4263382555,113.0294059854
2021-06-18,111.9793735724,112.0190072081,112.6626390492,100.1255489851,107.7472175907,112.5826059136
2021-06-21,111.8578593725,111.2497725312,113.8800681684,99.8008375047,107.7376747278,113.5740282930
2021-06-22,111.2735042687,111.0258657196,115.2924401448,100.2833690769,107.7763927284,112.0220763486
2021-06-23,110.4823772100,110.8922693626,115.5468504315,100.2728335302,107.6253009164,110.9386291951
2021-06-24,109.9873370384,110.5566503176,114.6977460512,100.2373042458,107.1574611910,111.0403418076
2021-06-25,111.8505329999,111.7058303226,116.5570228832,99.9917511991,108.0353639752,113.8958276481
2021-06-28,112.6333280717,112.1392145033,115.3254794786,100.0895032742,108.4847530987,113.4039173579
2021-06-29,113.1636627674,111.3746021536,115.6750482380,99.4336909295,107.4419395394,113.6595368018
2021-06-30,114.7203775615,112.7010986049,116.4044514916,99.1629261295,107.3408203318,113.2511807916
2021-07-01,113.4066942891,112.8033166582,115.3461275323,99.4052714885,107.5122646417,112.3826649901
2021-07-02,116.3136013990,114.5242681058,115.8178674967,99.4658461675,107.7439624129,111.6094378742
2021-07-05,116.2896584126,114.0027992136,116.3340009599,99.1283566147,107.7803693946,111.2677884259
2021-07-06,117.1581274804,114.4442349456,115.4048389677,99.2050708874,107.8772567024,111.7874316893
2021-07-07,116.7875127843,113.9056248205,116.0090072630,99.1489507253,108.1624478048,111.7837717813
2021-07-08,115.8875892836,113.0269352381,116.2511878666,98.9623655503,107.4211394860,110.9482888626
2021-07-09,114.1353875420,112.1659350402,115.4589971785,99.0828209582,107.0358749255,110.4115474608
2021-07-12,112.5354707844,111.3638707247,113.8493409985,99.4823663453,106.9565668459,108.9753340496
2021-07-13,112.5083290517,111.6941978560,114.1684745264,99.7587445161,107.2084159808,109.5866658287
2021-07-14,112.6776259099,112.5731395937,114.7040692449,100.2548248738,107.4241629955,109.4491988170
2021-07-15,112.9930089226,112.8405409814,117.5701635536,99.9279742285,107.4120431097,111.3687258810
2021-07-16,111.7815056663,110.8233749931,116.0025751314,100.0262799502,107.1767789925,113.8085322240
2021-07-19,112.8107279235,111.1966812705,117.1323923498,99.2130058947,106.6853769626,114.9061911060
2021-07-20,111.1423527724,110.0710334918,113.7044290902,99.5508060024,106.3222701659,114.7090277426
2021-07-21,108.3215595988,106.5186530937,109.8096116098,99.6529914062,105.5201491646,113.0435511020
2021-07-22,107.4771789835,105.8524850355,108.5469165678,99.7283144603,105.1735323936,112.8433533715
2021-07-23,108.9088120444,107.8784223056,111.5874500616,99.7407429558,105.7986847909,112.4351350632
2021-07-26,109.4737583464,108.2066085027,113.1643056508,99.8003989138,106.1049932365,111.5881425531
2021-07-27,109.1710678012,107.7697075174,112.6263616656,100.0668354087,106.8902163845,112.6524168482
2021-07-28,109.1357865876,107.8098105776,112.7660050911,100.1439583183,106.6796241771,112.8575375940
2021-07-29,109.8379319056,108.4907640180,114.9076237368,99.5178033628,106.4878980969,114.0682272571
2021-07-30,111.6794982936,110.5768716393,119.0681424334,99.4077086439,107.1491425865,116.1864255712
2021-08-02,111.7623069022,111.1137716743,119.8057883760,99.1275866807,107.4430303482,115.0612422620
2021-08-03,112.1331571400,110.1132820251,119.2644303672,99.4076436826,107.0064547500,115.0123041747
2021-08-04,111.6665167499,110.4991551050,119.8928090791,99.7679188040,107.2888611383,116.2524579279
2021-08-05,111.5697187952,110.1417204786,118.5456462592,99.4411662581,106.6254612324,116.9936094971
2021-08-06,109.2001568727,108.8551282530,117.2309852919,99.4756925313,106.2857023152,118.3347555256
2021-08-09,110.0646497136,108.9921474027,117.2947410677,99.5231858401,106.4431427150,116.5745973837
2021-08-10,111.1461095848,108.9888586559,116.4682193766,99.4357516759,106.2569840159,116.5315651134
2021-08-11,112.9708217963,110.2145623093,117.4805177082,99.3995781804,106.3937946964,117.2097316373
2021-08-12,112.6234286106,110.1207406011,116.5157273292,99.0359850530,106.7919714888,115.9468404685
2021-08-13,111.0171461612,108.7094758123,117.3789790337,98.4797433088,106.2818648046,119.1194824336
2021-08-16,113.0527379702,108.6438174598,118.2395811422,98.1969896453,106.1899511328,118.1016412470
2021-08-17,111.0924187099,106.8071738783,116.6020386488,98.0692674540,105.8984073106,117.3448521316
2021-08-18,111.4180164327,107.2691279154,116.5909842367,98.1733429734,106.1402999530,118.3533670203
2021-08-19,110.6638189292,107.3044490931,116.8345397491,97.9213779840,105.9000871924,117.3911459590
2021-08-20,111.7880655469,109.4420252798,118.6353043762,98.1226422496,106.3797603222,117.3098792700
2021-08-23,111.4408957029,108.5034839432,118.8097882893,98.0191112316,106.2865460066,116.3791947226
2021-08-24,111.8979512218,108.0397314427,116.3700205510,98.1938475642,106.1953176753,115.2113836140
2021-08-25,111.5044061817,107.1094440600,115.2063510759,98.0775971427,106.0645000053,115.0114347448
2021-08-26,112.2563011140,107.5813381290,115.6429894717,97.8036675009,106.0669235455,114.5544142020
2021-08-27,111.9169601320,105.9288257154,115.1313248646,97.4763860300,105.9836255953,113.9187523847
2021-08-30,112.7232995382,106.8964283132,116.7205453160,97.5969034148,106.2544056610,115.1824376341
2021-08-31,112.9325502206,106.2356547159,116.0495408619,98.0805640596,106.8110408247,114.9894261194
2021-09-01,115.7604101134,108.1724428641,118.8904177851,97.5208412679,106.9372802088,115.6285494305
2021-09-02,116.3041744802,108.6885984045,119.7920333757,97.1306130609,106.8720333578,115.1945077266
2021-09-03,115.8171547403,107.4723828224,119.0258644865,96.8466061486,106.2788990779,114.2459750828
2021-09-06,116.6420709002,107.6207839018,120.5185116033,96.9665658513,106.5161256879,115.2567723429
2021-09-07,119.2575475530,107.8407876728,122.0839767869,97.1333682406,106.7311151156,116.0839609971
2021-09-08,119.5176972437,107.6587940794,121.7666228784,97.3626683807,106.5112341348,115.7373285468
2021-09-09,120.3116415805,107.8530382451,122.7029758047,97.6568385092,106.8723103010,114.6908599762
2021-09-10,118.0948406893,106.7422958592,120.9306854731,97.7277530537,106.9154421320,114.2650398334
2021-09-13,120.8862972203,107.1263336606,121.2313354853,97.7813557113,106.9590317320,114.8330364322
2021-09-14,120.7051150279,107.0524306922,120.6913753217,97.7473114378,106.9806106985,115.0184247551
2021-09-15,121.9669174379,108.4783472063,122.5929738013,97.8598669077,107.5584160615,117.0177324399
2021-09-16,121.4650006605,107.3973327888,121.6725561284,97.3856413578,106.6380201373,116.5999800710
2021-09-17,121.2592821017,106.9291121507,119.4757809566,97.4376324043,106.2875321168,115.4233441759
2021-09-20,122.0532241072,108.0648814848,121.7352353805,97.1586421651,106.0853143892,114.7084399907
2021-09-21,119.9045989083,106.3534933836,120.3968051832,97.1868577743,105.5419006974,114.3485230705
2021-09-22,118.1480810583,105.8011497259,118.8078933380,97.3131547524,105.2709368174,114.3791497066
2021-09-23,118.7010488581,106.8100845679,119.9681825564,96.8179560295,105.0193245539,114.7259789117
2021-09-24,118.1608553508,106.5450920280,121.2066294353,97.0829777291,104.8769558088,116.6492103146
2021-09-27,118.7939170454,106.8459786970,121.2572282388,97.1360441462,105.0401418780,115.4890215927
2021-09-28,115.5620346065,104.5453318515,120.4018440871,97.2045214532,104.1875742927,116.8493029025
2021-09-29,115.6523936484,104.1663794241,119.1785366521,97.2838485455,103.8649707048,117.4069531411
2021-09-30,115.4647555832,104.1148968119,118.5460120904,97.5540802936,103.6239155682,118.0518519918
2021-10-01,117.3844874300,105.9127388824,122.8766003664,97.1425891509,104.4013686095,119.8862644179
2021-10-04,119.6647742318,106.9831632198,122.8665432725,97.0901186475,104.8768024132,121.7232913289
2021-10-05,119.9427496802,108.1578711964,124.9709296371,96.8795467798,105.4571610719,123.8991332408
2021-10-06,121.2782005574,108.7160779644,125.8990740920,97.2703321971,105.9085045914,124.1360947647
2021-10-07,121.8279052864,109.9820408930,127.1829082306,97.5455115982,106.3663622036,123.6078660760
2021-10-08,121.9602433066,109.5890293158,125.3729118388,97.7706488150,106.2309097385,124.0201192934
2021-10-11,119.5180408520,108.0535982114,123.0813590226,97.4558079335,105.5699615253,121.1190722679
2021-10-12,121.0046164378,109.3638104055,124.8657976254,97.4742733603,106.2552859756,122.0946842900
2021-10-13,122.2074350845,110.8579274350,124.6713937657,97.2719281984,106.4832500974,123.6924518044
2021-10-14,121.0457389365,110.1592274504,126.8020038808,97.3379476895,107.2007010539,123.8596896208
2021-10-15,123.4665595105,111.1121961266,128.2845534305,97.1305761472,107.2280826931,122.9741498140
2021-10-18,124.6175481995,112.6457156974,129.1987711813,97.1623033022,107.4336801771,122.7991239820
2021-10-19,124.6882009731,112.6784837262,130.9048103855,96.7953205966,107.4144725363,123.8862150895
2021-10-20,125.6473287994,112.6363381554,130.2061493272,96.2124824239,107.1563574290,123.5622538852
2021-10-21,123.7615890852,111.2173212369,127.1881153523,96.2589987206,107.2025769389,123.8751374703
2021-10-22,124.5252306564,110.9680525781,127.0163400780,96.3484720957,107.2843409588,125.9357806896
2021-10-25,125.2866223374,112.2251922826,127.6848909848,95.8560544808,107.1546773913,126.9489861041
2021-10-26,124.1346310141,111.7138521368,125.8314021315,96.0598174042,107.0889230828,126.6987414299
2021-10-27,125.7605199283,112.9541343326,126.5079393350,95.8236352253,106.7314221042,126.4329893351
2021-10-28,126.3109104229,113.0767738700,127.4508233048,96.1366923619,106.7070359767,126.0621867774
2021-10-29,125.2356353126,113.5813198769,126.6164386119,97.1660496690,107.4421074678,126.2894583801
2021-11-01,124.8550926483,113.4432190017,127.2377790939,96.6856214604,106.6222537746,125.7058221289
2021-11-02,123.4694776788,113.9021427070,127.5540133745,96.9894106234,106.5679868556,125.8384839107
2021-11-03,124.3922785949,115.3257333188,130.7975901324,96.5830276447,107.2560818245,126.6731097201
2021-11-04,122.8014437200,115.4314959346,130.2822074858,97.3792775797,107.4966169978,125.4514751012
2021-11-05,126.2028331547,117.4191474646,135.2950588144,97.2004219056,108.1340211338,126.5000501839
2021-11-08,126.3793708925,116.6073078428,134.3349009759,97.7789874514,108.2646764605,124.4746377092
2021-11-09,126.4246082379,117.9654529887,135.8457116466,97.9982994172,108.4227712649,125.1361959710
2021-11-10,126.0243578396,116.8616902464,135.7344169625,98.2078849999,108.8563109533,126.8271200621
2021-11-11,126.0629382823,115.6162585452,133.8932333289,98.0576525436,108.2453017839,126.5706602189
2021-11-12,122.7728391585,112.5241218916,130.2476625783,97.9488254464,107.3290452240,125.8869049869
2021-11-15,124.4102236658,114.3474834398,131.3370212836,97.8142312434,107.6550500050,123.7864517342
2021-11-16,124.6818726992,114.4167259123,132.3464908885,97.2422235534,106.9774349004,123.0301776888
2021-11-17,124.8452053392,114.6548134190,133.3507776520,97.4347709797,107.0079030264,123.5807662733
2021-11-18,127.4418057761,116.0808464722,136.2125505666,97.7338355223,107.5585311502,123.2025563434
2021-11-19,126.2274101286,114.1305769786,134.9610938413,97.2892582523,107.1573332500,121.6542685039
2021-11-22,126.6499283425,114.4416536347,134.6282719037,97.4667732479,106.9392329965,121.4397391505
2021-11-23,124.2836675035,112.5926247727,133.5102169425,97.9469911238,106.9042434610,123.9955644483
2021-11-24,122.2464471815,111.6251328587,131.7562713686,98.5532995114,106.6232891062,124.7775850603
2021-11-25,123.4531306113,111.0139917217,133.4598562245,97.9493682402,106.2369780919,124.2600886784
2021-11-26,122.5086285588,110.8371555380,132.1498732638,98.0909646275,106.3282496556,125.7980839247
2021-11-29,123.8199981164,111.3814442752,132.7492153263,98.0885863883,106.4202965424,125.3841766591
2021-11-30,125.1583133618,111.2593902585,133.8360212393,97.3549031784,106.1073750934,122.9931522316
2021-12-01,123.0930219719,109.5263933731,129.7487829232,97.6579669954,105.7930402075,121.5753227077
2021-12-02,122.6861962247,109.8352305244,128.9660491784,97.7862609197,105.5505380692,120.0129846374
2021-12-03,121.6920079296,109.3494461150,128.1937368274,97.9466582257,106.0023501279,118.9877944084
2021-12-06,120.0759138756,109.7773399111,128.5418986982,98.7986077353,106.4102586440,118.6905902256
2021-12-07,121.3447924644,109.4813206083,130.1994940745,98.5379432872,106.2883396602,118.4038976443
2021-12-08,118.8409201845,107.4801539951,126.8315504683,98.9669159038,105.8169578669,116.2061469584
2021-12-09,119.0317560944,108.5008455551,126.1476135352,98.5218102618,105.3884983940,116.8621465791
2021-12-10,117.1001815748,107.3162758910,123.1316537056,99.1380500244,105.3115834582,116.1930063800
2021-12-13,115.1965355843,106.1539298103,122.6599688895,99.4005686015,105.7336617927,115.5647835968
2021-12-14,114.4466438202,106.8802180223,122.6278086663,99.7692816651,106.1268715756,114.2775765987
2021-12-15,112.4338274608,104.2196279587,119.9720093647,99.6039261945,105.0488184309,115.2003596919
2021-12-16,112.1740181575,104.8135193629,119.4038220705,99.3772921315,105.2142797610,114.9292334144
2021-12-17,111.7701064614,104.2367440915,119.3118806014,99.3701289423,105.4187205437,114.5840237423
2021-12-20,111.3940009797,105.0548628547,119.8828806213,99.1477359203,105.6259093610,115.6956069373
2021-12-21,112.3083217179,105.8733052902,120.0394264671,99.2986312198,105.8573288355,116.7644776467
2021-12-22,115.1263434200,108.5610445223,121.9009166307,99.3693347483,106.5555910934,117.8027865624
2021-12-23,113.4183781983,106.7854455306,121.9304620599,99.5949987257,105.9819622518,119.2506333296
2021-12-24,111.8214544996,107.3291893514,123.6973673938,99.8146179925,106.2315698574,120.7800757343
2021-12-27,112.9229655069,108.0059785365,123.6135707132,100.5971401419,107.0802749196,120.1134643295
2021-12-28,112.0229773959,108.5795278755,122.2911180288,100.2309808696,106.8193147658,119.7108290387
2021-12-29,111.2717667941,106.8769213981,121.9011769737,100.1610495786,106.1887067641,121.1768704851
2021-12-30,111.2861108832,106.9281615723,120.9397302234,100.6863111508,106.9405026197,121.5295565461
2021-12-31,110.2299284445,106.0642719569,121.1149171946,100.8038206179,106.9475874409,120.6259731526
2022-01-03,111.6811934404,106.9410050496,123.4780540601,100.2919198383,106.9213629665,121.5756026645
2022-01-04,111.5490942618,107.2752592513,124.6698822416,100.5080769846,107.4486919725,121.3120249226
2022-01-05,112.3508298270,109.2071646968,126.1084399983,100.6705343527,108.0959508519,121.4923806562
2022-01-06,111.1959252826,108.8236721887,126.6448063280,100.8882053944,107.8234614614,121.0175194153
2022-01-07,113.8558426925,111.5926636550,129.1806336209,100.6169210396,108.5868714847,121.5262669802
2022-01-10,113.5113618845,110.2306106694,130.9773661499,100.4328659828,108.4891032001,122.8644231720
2022-01-11,114.3046208917,111.7216663340,133.5263804661,100.3496966070,108.6897165229,124.6195898223
2022-01-12,113.9654322299,112.4103024005,132.2127657997,100.8527971118,108.7899661489,124.5268242931
2022-01-13,112.7230259393,110.5688459600,130.5732596447,100.6074252081,108.0053090368,125.7179081992
2022-01-14,112.8440252950,110.9536503428,130.8561665214,100.6722234190,108.1240304431,126.2423546134
2022-01-17,113.5876943705,113.4266608512,130.2544119212,100.9429683060,108.9565719814,126.3313068515
2022-01-18,113.6939765684,112.8148290108,128.8504975908,101.0250727113,108.5389215128,126.4104687041
2022-01-19,117.3772970701,114.8984953846,131.8668467214,100.9864296369,109.6900804892,125.6671103674
2022-01-20,117.9147133551,114.2185449875,131.4847417928,101.4971352653,109.9136534144,125.8749956497
2022-01-21,117.9312813932,113.0921410091,132.4923596863,102.0393897755,110.2538822797,125.9082039516
2022-01-24,120.1791186033,114.1261492985,134.7612749861,101.7118626698,110.6974825544,126.4068408951
2022-01-25,121.0957592871,115.0672938456,135.0859130831,101.6457608864,111.3722716935,125.3232396181
2022-01-26,120.2244226508,115.1541578343,134.1975288539,100.8949317035,110.7485946358,127.1909987086
2022-01-27,120.8519942601,116.2119309641,133.4515779099,101.0841907919,111.0760841764,125.5310543528
2022-01-28,119.6122680445,116.4405103982,133.4019824633,101.3334210681,111.0445898622,126.0212960447
2022-01-31,119.8587281802,116.6495409298,133.4204514130,101.4730284241,111.3590344315,128.0786655127
2022-02-01,121.8242392664,117.3678397176,136.1860336731,101.3924186914,111.5971656985,129.6754539903
2022-02-02,122.9277678787,117.4927190117,137.0213617425,101.1461701504,112.0691141156,129.6632303122
2022-02-03,124.4357208980,118.2227828892,140.1659476623,101.3446813153,111.9829252705,130.4658699377
2022-02-04,126.0478391852,119.8164635924,143.7695667507,100.8114539429,112.7660187004,130.4921853949
2022-02-07,126.3372967545,119.7119428636,143.3214871643,100.5203976611,112.4783572189,128.3020320082
2022-02-08,126.5380411169,120.2204685838,144.3463931853,100.7828259564,112.8868611252,131.1044917725
2022-02-09,126.5206450955,121.7130521463,145.1395713632,100.4853728327,113.2081861249,131.8490397774
2022-02-10,128.3315080591,122.9033597778,145.2371898484,100.7510022368,114.0330886761,130.2582042387
2022-02-11,128.2262713633,122.7694012627,145.2008188029,100.6068022457,114.3294322389,130.1988878162
2022-02-14,128.8179281517,122.8282985927,146.9426933317,100.7362726451,114.6267530313,129.0977824286
2022-02-15,129.2234880589,124.2555297185,147.1679085225,100.6840565969,115.0154435187,127.6184459815
2022-02-16,130.4294786698,124.2585471059,148.3902246289,100.6077105223,115.3797481211,127.4829050777
2022-02-17,131.6562325860,125.5189141075,148.7859893776,100.4519175183,114.7289978147,128.5630845030
2022-02-18,132.3489499383,126.3723628607,151.5256910265,100.3939152762,115.3618911674,128.5015498930
2022-02-21,133.9452965201,126.6023820609,154.2958931729,100.7542395386,115.2125545317,128.8449795334
2022-02-22,135.0683093503,126.1683385161,155.7878356195,100.1403682498,114.6048862290,128.7957979358
2022-02-23,137.3549016799,126.8489096679,158.8186052899,99.5654000129,114.4444000612,128.8856900411
2022-02-24,141.0111709621,129.5142405955,162.8073913781,98.7511260798,114.9806980996,130.9496092324
2022-02-25,140.5223355485,128.6702685038,163.3222253145,98.5514119346,114.7348407547,129.4161180549
2022-02-28,142.8253035979,130.5756770276,167.2549463416,98.4868346851,115.4880925561,130.2764545302
2022-03-01,142.7056814450,130.7211307163,167.5443754255,98.2310251479,115.8573869233,129.7205621371
2022-03-02,142.6961830532,129.4273506853,166.5739251330,98.3708585439,116.5385647334,129.7522007437
2022-03-03,142.1430048884,129.5472769782,166.0178593627,98.4387440181,116.2014924398,129.6752758480
2022-03-04,141.2218340432,128.0561042436,166.6433764147,97.9740335389,115.2196537492,129.4296886611
2022-03-07,143.8297852870,128.7405638535,167.4179688398,97.9995829230,115.7509964156,129.3583915707
2022-03-08,142.7506961746,127.4191280645,166.7885907044,97.7797849974,115.1731268354,128.8843716589
2022-03-09,142.3555595785,128.0314914277,165.4945425246,98.1947154910,115.5899008490,129.3589908066
2022-03-10,139.2191434009,127.1316896171,165.4128167015,98.2122978774,115.5244166171,130.2376790159
2022-03-11,139.9960546399,127.2664705320,166.5579425890,98.2975946421,115.5615193680,129.5565342364
2022-03-14,139.6019352626,126.2670469967,165.7647844304,97.8730915063,115.3633138015,130.2424755838
2022-03-15,139.2957561746,125.6986528552,163.5518500725,97.8409814204,115.0639154137,131.6537322932
2022-03-16,139.8003669078,125.9500723031,164.0569572304,97.4871733169,114.9465837862,130.9219294680
2022-03-17,139.0177249716,126.9606337892,166.5726265206,97.6373371573,114.6419812981,132.0003514676
2022-03-18,137.5854726645,124.8996065247,163.4987048265,97.7196410408,114.1790104187,133.7007278182
2022-03-21,140.3402166597,126.3779595087,168.2143091379,97.9463044454,115.0021376327,133.8764316833
2022-03-22,137.3167089048,125.4798387712,167.6197645517,98.1766483543,114.9761458831,133.9774084675
2022-03-23,138.9553093700,127.4268780812,171.1671345613,98.4798363446,115.5366929073,133.7811356942
2022-03-24,137.7083831804,127.4855369350,169.7410171331,98.7485112224,115.5652686285,133.7766807562
2022-03-25,138.4556843714,127.6236393761,171.0782059720,98.0383515428,115.9129896067,133.3250861307
2022-03-28,136.2511013878,125.2473659725,169.7165250349,97.7426396113,115.5211835756,136.3682654665
2022-03-29,138.1318165631,125.3475898406,173.0559081888,97.2306694134,115.7509345111,135.2652538034
2022-03-30,139.3176324626,125.6527018568,173.7669561064,97.5307086730,116.4765172697,136.9425603779
2022-03-31,141.4276825242,125.5879383698,176.1256939869,97.0302071186,116.6600712029,135.6410569847
2022-04-01,141.8348019529,125.4436580026,178.7797184486,96.8496565149,117.3897771304,136.5354024124
2022-04-04,141.1995373394,125.5959548645,180.8508284968,97.3425971300,117.3415450039,138.4962545614
2022-04-05,140.3805508986,125.1329509301,182.2849770283,97.0931700661,117.3216983732,137.7344441355
2022-04-06,138.3807700231,124.1575684563,180.9965981485,97.0561845346,117.0926732476,138.7139315394
2022-04-07,138.7454401024,124.0179246815,182.1917680179,96.8416571174,116.9617309982,138.9759481761
2022-04-08,139.4550611985,124.6773483502,183.2610628616,97.0727143373,116.8473985216,138.1343216994
2022-04-11,141.0872555149,125.7144495834,187.5152323472,96.4856182822,116.4798866385,137.2569942286
2022-04-12,140.6227694144,125.4489737361,187.3779417464,96.6848007427,116.7343416469,137.8672402167
2022-04-13,139.1907424783,125.4436326805,188.0727188752,96.7725661249,116.5042749895,138.3658620372
2022-04-14,139.4598106548,125.2714095367,187.2588545228,96.6904578418,116.4048333909,137.2659799114
2022-04-15,140.4802188356,126.2957989702,188.4576352095,96.6891933274,116.5773113375,134.7709058152
2022-04-18,142.1347166792,128.6608857764,191.5472041893,96.5470329622,116.7495581435,133.8123293838
2022-04-19,144.6109986455,130.9427832703,193.3379982895,96.1890125804,116.8402212468,132.3669983666
2022-04-20,144.8533169949,130.9783848844,192.9923186334,96.0534957755,116.9710489019,133.3053900724
2022-04-21,143.4010010672,130.9288849227,194.1085203811,95.6374328265,117.2366990217,132.8978133672
2022-04-22,143.0228193081,131.5512869977,192.6817198897,95.6020166494,117.2694689696,133.6084241363
2022-04-25,143.6619519728,130.7530292598,192.6377767572,95.7615894667,117.3640764681,132.8092425387
2022-04-26,142.8373031976,130.6402997724,189.0188828448,96.3187770819,118.0938634915,132.1973180418
2022-04-27,141.4840957520,130.5911218082,187.5481231473,96.1745010117,118.0876551796,131.3580587283
2022-04-28,141.3325586628,129.4320539806,184.0874438636,96.1645605690,118.3864960112,128.0999522802
2022-04-29,142.3454796945,128.7906891069,186.6241135411,95.7467871640,117.9505081845,129.3317561076
2022-05-02,142.9511789037,129.6752674174,186.5230886686,95.6548473346,118.0557450326,129.8255591084
2022-05-03,142.2490739375,129.1816016943,189.3476523153,95.2768489511,118.0613623673,131.0179067641
2022-05-04,141.2707608027,128.7899899353,191.4889156803,95.1712408401,117.7380317277,130.4206013508
2022-05-05,143.6322875574,130.2563034737,193.0332314443,95.0482428118,118.2558196250,130.9262685799
2022-05-06,145.1279044394,130.9411098548,194.1251514839,95.0421824927,118.2569718369,130.7380088794
2022-05-09,145.2916222667,131.3249819648,193.2976820106,95.9182127190,118.8046857527,130.0349606850
2022-05-10,144.5994224551,130.1818541249,193.6833353587,95.7428864335,118.6131860982,131.7759639414
2022-05-11,142.2338551546,128.1638358915,191.5244391036,95.7043772628,117.8094583758,132.3572110153
2022-05-12,141.0982538559,127.5145968954,189.1488148734,95.8574505277,117.6329071214,131.9622444136
2022-05-13,141.3458176969,127.4556757284,188.1291174095,96.1547670112,117.9408182977,131.2214760808
2022-05-16,141.8092274032,128.7742322890,186.3833787821,96.4653337192,118.0295535987,131.4617128960
2022-05-17,142.6498715978,128.5201813086,186.0354778534,96.6180136833,118.3858100064,128.8968917574
2022-05-18,143.4131540196,127.9889786253,184.9050573337,96.5098305264,118.3529005830,128.1398164481
2022-05-19,139.4525133258,124.8656248510,179.9736282067,97.1236036185,117.7139913020,126.7462352284
2022-05-20,140.4215227026,124.8295955925,180.7255398534,97.0716010189,118.1897048184,126.8204976216
2022-05-23,139.9578427771,125.2405800161,179.9789948346,96.9673700398,118.2542015141,126.1175243392
2022-05-24,141.0596424487,126.1720923468,180.1310134519,96.9687789962,118.0587473309,127.6148030470
2022-05-25,136.2840095079,122.6874722565,175.4918908192,97.2181114548,117.5568605029,128.4188931987
2022-05-26,136.4070821918,123.1198236901,176.1054123889,97.1469241530,117.3908862460,129.9041678545
2022-05-27,136.2945241585,122.8644994936,173.3607093825,97.6733079619,118.1939599477,130.6770918805
2022-05-30,138.2423008910,125.3072318042,176.9921312369,97.1724503279,118.0721903986,131.0873513372
2022-05-31,136.7024714413,124.0144931242,176.5142792869,96.8134470217,117.9455639928,131.6841671983
2022-06-01,136.5372648462,124.3590103455,177.2551531420,97.0067578983,118.2912837471,131.6286791638
2022-06-02,136.8324986005,124.8345447239,176.1984202970,97.3461096702,118.5692402663,131.1816951541
2022-06-03,136.6088669597,124.3727874664,174.2877967208,97.2561744448,117.6579112588,131.7388738043
2022-06-06,137.7436626476,125.2499948144,176.0981447172,97.1691581276,118.4037364946,132.0185599119
2022-06-07,137.0918671075,125.2264159131,176.2346676019,97.5878425828,118.7545863799,132.8226799187
2022-06-08,137.7779504624,126.0256823892,174.0118683042,97.4979794631,119.0624577170,132.6589923057
2022-06-09,139.2764598330,127.6823687260,177.2491226983,97.5049384389,119.6154616668,131.0319024128
2022-06-10,140.4456567564,129.2791030534,178.4299083708,98.1408426632,120.4245341581,131.8849554274
2022-06-13,138.8426427307,128.3136040031,179.0393324942,98.3114921296,119.9512136794,132.0163348999
2022-06-14,139.0548547674,130.9223105747,180.9797395505,98.1747720290,120.5731379131,132.3230428361
2022-06-15,139.4484281836,130.3679915247,179.4283373152,98.7348747813,121.4615584899,132.3275182226
2022-06-16,139.7350271575,130.2261475279,178.6849265188,98.5005906386,121.2349644915,132.6960597191
2022-06-17,141.6268378088,133.0992179726,182.4826428321,98.5082973951,121.6331497865,133.7585495636
2022-06-20,141.0774760516,131.1610627839,183.6953055925,97.9477635754,121.5046582270,137.1157292164
2022-06-21,139.8817134884,130.2369139055,180.1689760912,98.0427988837,121.0551084628,137.0026995202
2022-06-22,139.1959174084,130.8897108950,177.7472404853,98.5007689773,121.0174884430,134.2803728218
2022-06-23,138.0923872309,130.1145875144,174.2051148618,97.8020696688,120.0143523262,134.6989964468
2022-06-24,138.2773194457,130.2851738535,176.0158826601,98.4837244901,121.1524617659,135.0893288854
2022-06-27,138.0982022443,130.9184284580,173.7969336814,98.3802560983,120.8404528888,135.9582820669
2022-06-28,137.5065718350,130.7037644355,171.0354068198,98.4947896243,120.5879560967,135.7100300982
2022-06-29,138.5204573270,132.2969136937,169.8617670148,98.7964680453,120.7098122639,135.8353637575
2022-06-30,136.8988959990,129.3796604488,169.6162704112,99.4015725134,120.4229085139,135.0647614451
2022-07-01,135.9981433394,129.6132996452,170.0504793280,99.5016353100,120.4672766376,133.5471703246
2022-07-04,137.8210264049,131.2955298204,168.7284158079,99.4602282978,120.4330256341,134.3098945964
2022-07-05,135.1498012260,128.9506725776,167.5010410391,99.0685725624,119.6609039805,133.5855045862
2022-07-06,135.9369843527,129.5833638375,166.7420458822,99.0018935254,119.4826900043,134.8356150421
2022-07-07,134.6661173357,130.0734975451,168.0457088943,99.2042662307,119.5521245591,134.1495161032
2022-07-08,133.5959451450,129.9131914826,164.4405838229,99.7750642427,119.6788818065,132.3118959546
2022-07-11,131.0676119691,127.7191996583,158.7739542936,100.5100903197,119.3701143674,130.1765622460
2022-07-12,133.1440140884,128.1819583758,160.7347853836,99.9441572782,120.0175809302,130.9368190078
2022-07-13,132.3217606324,127.5786639307,159.9895319635,100.1756219276,119.8018670421,131.5773067469
2022-07-14,134.1366089912,129.5120825834,162.6576245336,100.7177031965,120.8053855428,132.7664206483
2022-07-15,132.7011392220,126.8580677322,162.0723444815,101.0246333645,120.5829049777,132.1776977953
2022-07-18,133.3495546103,127.5216755259,164.4140449565,101.1781517755,120.8556029866,133.6565264914
2022-07-19,134.0068919807,128.3619629217,165.0195825333,101.2824913805,121.7718233226,132.7411902689
2022-07-20,132.7927594463,127.0937153552,166.5454637938,101.6364573636,121.4287415703,132.5115175133
2022-07-21,135.5510620546,128.6571282419,169.1502492963,101.4987385990,122.1902479877,135.0753296264
2022-07-22,133.2993376620,127.3430001924,169.8540889495,100.8914669341,121.2398249676,137.0444533642
2022-07-25,133.8780954127,128.5313190558,167.9675669951,101.4779586815,121.3521444589,136.1697228924
2022-07-26,136.0077702111,129.8755087057,171.5702390008,101.2157259222,122.0024835286,135.3005240904
2022-07-27,137.6353366187,131.5734571635,172.7561906937,101.3301009291,122.3745331540,135.5324542293
2022-07-28,140.8283605609,132.0490758852,173.5775370039,101.0415708789,122.7092130556,135.5021971277
2022-07-29,139.6986875391,131.3110305938,172.3684828312,100.8721578994,122.5067924593,134.1896777317
2022-08-01,140.3295717079,132.1024615104,172.5775105837,101.2245560098,123.8085033374,134.4433120440
2022-08-02,140.9655501128,133.7066150270,175.7459489786,101.3197766582,124.6378483487,136.1944420461
2022-08-03,142.2695745828,134.6039234146,175.9001478383,101.4452364894,125.2074754410,135.0291920270
2022-08-04,141.9891869119,133.5016607128,176.0162969694,101.9792979309,125.6494853325,134.1497159920
2022-08-05,140.8986688588,133.8038818986,173.2473422927,102.2593246660,125.7238629517,134.5554788549
2022-08-08,141.4263086448,133.9206195832,173.2371271278,101.7864591030,125.2233873471,134.8185855079
2022-08-09,139.9198314930,133.8167945195,171.2985776432,102.0511153045,124.3979732729,135.4417101248
2022-08-10,139.8518074737,133.1039411470,172.2590869965,101.6682592113,123.8399159004,137.9907255493
2022-08-11,139.4267717822,132.4882358683,169.0647732980,101.4035789311,123.0772649367,137.4788576806
2022-08-12,138.9075655141,130.5531652053,167.6460844094,101.2537122327,122.2726289916,137.6092665287
2022-08-15,139.2538206439,129.8887856101,167.2959884648,100.6674573310,122.1555867957,138.4091243182
2022-08-16,139.0800081247,131.3862770120,167.7467624234,100.5312289594,121.8599100719,136.1771119701
2022-08-17,139.0280967396,132.3795000305,167.1961520613,100.4723545836,121.6412608132,136.8038420883
2022-08-18,139.3055295017,131.4493992520,166.7474695661,100.3380587628,121.9927862229,136.6780991244
2022-08-19,139.1299436044,130.8439849313,165.1085072491,100.5985338889,121.8391216154,135.9553076156
2022-08-22,140.1847683928,129.6072344730,165.3952457312,100.8244697307,121.9826488719,136.7384061763
2022-08-23,141.1896535199,132.2721855128,169.3064132049,100.7846110109,122.6790195793,137.0848006447
2022-08-24,145.5915454489,134.9702087165,171.9617533325,100.4990278911,123.2831747184,137.3011888616
2022-08-25,144.1812831972,134.5717852949,168.3196726502,100.8909076115,123.1485134406,135.1519460189
2022-08-26,147.8129931294,137.8878105513,169.8708667474,100.5324373626,123.4919076394,135.7609020783
2022-08-29,147.2873270279,138.3823277230,170.7272646644,100.4716894030,122.9310253088,135.0623113866
2022-08-30,149.2601984348,139.6819892717,172.5621738832,100.4042380980,122.9433529418,134.3197772592
2022-08-31,150.2784524763,139.5373089240,171.9216404725,100.9380135925,122.8694950114,132.9113871753
2022-09-01,148.9091976604,138.9637797747,172.2292359144,100.6849531188,122.2419929674,131.5374473424
2022-09-02,152.7722206706,140.6177242867,176.1532521952,100.3941819416,122.6507944777,131.0420493401
2022-09-05,150.2674899726,138.8661992366,174.7596794341,99.9958250618,122.1146130740,131.4254512605
2022-09-06,152.7564923954,140.5398797613,178.6816479932,100.2851407623,123.3848422771,130.9314378262
2022-09-07,153.9297305978,139.4844523147,178.9666370692,100.1092036245,123.4814734363,129.9678964020
2022-09-08,151.5041150892,137.7960241016,176.2564249208,100.0729043093,122.2951155340,129.1355469304
2022-09-09,152.1858390507,139.2643082591,178.0638570972,100.1734429170,122.7264566207,129.3693747723
2022-09-12,150.7378938671,138.1274883000,175.7922300872,100.0400062177,122.3568104810,127.6536926361
2022-09-13,148.9763278110,137.6959322009,175.5113586971,99.7321529663,121.7596817322,127.2586410891
2022-09-14,147.9384848050,134.5912879114,171.8177335298,99.5596613965,121.6314223430,127.6652936302
2022-09-15,145.4925256491,133.2751023350,169.5666584440,99.5109954250,121.3624525254,128.1132152987
2022-09-16,145.2615501746,133.3191333552,170.7614378657,99.4040878745,121.7867074602,127.4329374163
2022-09-19,145.6573376921,133.7812770929,171.9659657370,99.2952659379,122.0498543274,127.3424881746
2022-09-20,145.4170320718,132.7369384104,170.6826941358,99.4039881995,121.8375264035,125.6100545271
2022-09-21,143.1444510693,130.3119291023,168.8173246995,98.9771167482,120.7672043883,124.2970188679
2022-09-22,141.3753153059,128.1009122395,168.2894304046,99.3136822559,120.8058666198,124.4920811150
2022-09-23,138.1445264414,126.3192222424,167.3517772617,99.3562243443,120.3543611468,125.7587427146
2022-09-26,136.8149567315,125.1208517026,164.1075422209,99.2917355629,120.0925685525,124.4893085061
2022-09-27,136.1717336418,124.0169195644,161.9510442797,99.1737225519,119.7020871031,125.7047435230
2022-09-28,134.7850440519,123.4598581526,161.5971284434,99.2960776390,119.3586736636,128.6886101212
2022-09-29,134.5410888801,123.3855880668,162.0927620789,99.2428349655,119.2342943210,129.9334348179
2022-09-30,133.7040140173,121.4516556286,160.1997629478,99.6236667354,119.2254093399,131.0333863380
2022-10-03,133.9024731066,122.0840417536,161.9795765272,98.8623913433,118.9541490630,131.3771899350
2022-10-04,135.2166763479,124.0946895744,163.2313937899,98.9107881888,119.6089229044,133.5258221527
2022-10-05,137.8474886791,125.4658902708,163.1212751341,99.1906435913,120.1960472624,134.8252741370
2022-10-06,139.1829069623,126.3826698665,164.0851546338,98.6917440937,120.0931735728,137.4505228814
2022-10-07,139.7111918630,126.6933894141,164.1525669520,99.2279345642,120.8006663820,136.7622903866
2022-10-10,138.2261420112,125.6862205245,161.8531440874,99.2317130813,120.0702819240,137.9739086801
2022-10-11,138.9826643979,125.6262345692,163.8040303629,99.0238511326,120.2927191998,140.0784413206
2022-10-12,142.6746831307,128.1323440608,166.2094588063,98.7480475736,120.5923315604,138.9141329752
2022-10-13,144.2598761067,127.3158727629,166.6789078547,98.1454475480,120.1799679709,139.3832342524
2022-10-14,143.3534150990,127.7103127106,164.9719456740,98.4044152060,119.9399997132,140.6992365189
2022-10-17,142.8985966242,127.2294848479,164.2935864784,98.5361283355,120.1159750683,140.4990927883
2022-10-18,140.3519568463,125.6966592111,162.1950171216,98.4655971983,119.1887956599,139.9006643885
2022-10-19,139.4119640207,125.5298955895,160.9411097977,98.8503977797,119.0951606445,140.1138773547
2022-10-20,137.6168931531,124.3879966904,160.0460321797,98.0912700583,118.4658917627,140.7634408110
2022-10-21,136.4865280596,123.7518149788,160.3639389609,98.1091303194,118.4954393538,142.1349868706
2022-10-24,136.3405921781,122.9838693906,161.4536710294,97.8062022844,117.8089731104,142.5141351066
2022-10-25,138.1456549242,125.3947403472,163.9692539386,97.8823532262,118.5478614921,142.7393593473
2022-10-26,137.3616056411,121.8727101054,161.1708979360,97.9836958143,117.7116585322,139.8144763157
2022-10-27,135.8399080445,121.0985840216,159.2380702738,97.9869448748,117.2510765267,140.7732491885
2022-10-28,134.8560760304,119.5215469675,157.0504038008,97.8862872565,116.4620258450,140.3884005178
2022-10-31,134.9264871021,120.2989205378,158.9750123862,97.7902604215,116.2127609652,141.6346380215
2022-11-01,136.2223675915,120.9799557461,158.0829680084,98.3476810866,116.4964976882,140.4064318171
2022-11-02,135.9531794198,121.0242368414,158.6710535335,98.9111372564,116.9444969054,140.1659995747
2022-11-03,137.1263179981,122.3795159885,160.5638323975,99.1001560783,116.9986596766,136.5270993148
2022-11-04,136.4577698343,121.6866657676,161.8631806445,99.0590860368,117.5295938513,135.4188335089
2022-11-07,135.0486521593,120.8720822921,163.2295963451,99.2463897650,117.4457932749,137.6141374219
2022-11-08,135.7771095390,120.5599606625,161.8235667739,99.2623583973,117.3347400888,136.8183376811
2022-11-09,134.9936191861,119.8883854444,161.2831711724,99.5956927622,117.3774987182,136.4151150550
2022-11-10,134.0894119034,120.3038104108,162.2406899016,99.4391346267,117.1417184553,136.9162847492
2022-11-11,134.5670357364,121.8118696555,164.3117468235,99.1976893410,117.3605254704,135.9913382613
2022-11-14,135.5474012512,122.5258362076,164.3344721872,99.6652592632,117.9217341035,136.3909541506
2022-11-15,135.7333235782,124.2303329252,165.2750873873,100.1733588694,118.0554442450,134.1997024627
2022-11-16,134.5973765763,121.8770589083,162.6809285479,100.3597647857,117.6553468297,131.6038558095
2022-11-17,136.3220264552,122.7509441317,165.6125605394,99.9092382684,117.5154417610,132.6516881977
2022-11-18,138.2499132428,123.8187269066,168.7363364793,99.4767328680,117.1675350691,133.3358600649
2022-11-21,138.6498532560,123.0256809737,172.0009315640,99.0125518257,117.0657513878,136.4313015388
2022-11-22,136.8171899224,121.5287339168,168.6102336203,99.2845095553,116.7260985541,134.4924636567
2022-11-23,135.7982329130,119.5689716454,164.8575899832,99.7479518804,116.4709798492,133.8636285248
2022-11-24,134.2899746284,119.2676888733,167.7036757660,99.4954249429,116.0877527115,136.2034678612
2022-11-25,134.3568251246,118.8702840474,167.9696555009,99.2750888829,116.0520191833,133.6855109587
2022-11-28,133.7147257548,119.8613768706,167.1762075832,98.9280513122,115.6305282914,135.6834704233
2022-11-29,132.1261599849,119.0323224111,165.3703645495,99.1014548714,115.3285901619,135.3721662982
2022-11-30,134.1854210601,118.8082893501,167.1278891423,98.9418821840,114.9650984476,135.8983850795
2022-12-01,134.0334253840,118.7794165819,168.6110774985,99.0615876634,114.6156710858,135.3432716275
2022-12-02,135.3141625909,118.4179003371,167.2870230100,99.3280386124,114.1555519447,134.0714208923
2022-12-05,136.5582306547,117.7033926426,168.9834465824,98.6108984187,113.6354640923,135.0604428777
2022-12-06,134.9139746744,117.7727404554,165.2040748857,99.1059391730,113.9390473057,134.2060727771
2022-12-07,138.0411810086,120.0222326377,168.8204212184,98.2176874615,113.8329848881,133.6223882787
2022-12-08,138.7179136019,121.0129314118,169.0366114335,98.6725757092,114.1867730605,133.8224438542
2022-12-09,137.9788039009,119.4474896739,169.4533685804,98.1428364991,113.6326346534,135.8933312290
2022-12-12,137.7960532615,120.2955873980,169.5056186499,98.6353709778,114.1660822812,135.9986944295
2022-12-13,137.9711403714,120.0825751021,170.5008203758,98.2882182093,113.6480083022,135.1443140669
2022-12-14,137.4539950891,119.8776235301,170.8922698840,97.9027879988,113.1766374983,135.0052057698
2022-12-15,138.3469780169,121.1091727029,172.6841073131,97.8505747090,113.2626801613,135.8571270501
2022-12-16,137.5228004578,120.9230925751,170.0921049260,98.3893601961,113.6369633152,134.1521340029
2022-12-19,137.4471484648,121.1797201602,171.7042522551,98.4863850475,113.9651483423,135.4595108922
2022-12-20,136.7552491710,120.8450670314,167.4732277932,98.8564566209,114.0380196296,135.4714179501
2022-12-21,136.6556617642,121.9495140243,165.4326931216,98.9962483354,114.0964202635,135.2811221444
2022-12-22,138.8640395297,124.5712821088,167.4642482961,98.8837791014,115.1811676933,135.1236212886
2022-12-23,140.2078935284,126.3744330495,170.2577338006,98.7957978414,115.7342141995,134.1396577194
2022-12-26,140.3675910791,126.9262342828,172.1489871257,98.9063768970,115.6930408285,133.1324503580
2022-12-27,138.2039914654,126.5222055122,169.1492837925,98.5403629355,115.1797941243,133.5877419234
2022-12-28,137.1537230170,125.4126031281,165.1773270676,98.9158540440,115.3461337413,134.4656242208
2022-12-29,136.4818958297,124.8025640127,163.5549034155,98.8216533994,114.9453068261,133.0471587795
2022-12-30,138.5675314284,126.1198086501,165.7997255052,98.2733839122,114.5567029936,134.5186089634
2023-01-02,138.2425213030,125.5236888867,165.7046469783,98.3166261177,114.9268415692,133.4732198032
2023-01-03,138.3719736781,125.3386731733,164.4831145260,98.3617739514,114.7166370477,133.3932050907
2023-01-04,138.5488305956,125.1382263024,164.9852672538,98.0000037469,114.5501306899,132.8339631566
2023-01-05,137.5330884501,125.5101661185,165.5673273459,97.9264835740,114.0384486342,133.2665336765
2023-01-06,139.0936371345,123.9097986847,163.9572949011,97.7115661493,113.6505131328,131.2393672738
2023-01-09,139.8442320730,125.1397266675,163.9845097983,97.3696727554,113.3696547146,131.1055035452
2023-01-10,139.2688658559,124.8655156109,163.4153331582,97.4726704476,113.6302186069,132.1320522942
2023-01-11,134.9858791296,121.6434615834,159.7268877037,97.7267804677,112.6974330250,131.2371201327
2023-01-12,134.5797877638,120.6050143407,159.0893419257,97.8289712562,112.8338449082,130.2723235046
2023-01-13,135.9805274861,121.8312819330,160.1231753485,97.5002506782,112.7988934281,132.1510986831
2023-01-16,134.7107568670,121.2378972170,158.3890341433,97.4678541885,112.3304251106,134.0778370567
2023-01-17,135.5551260961,121.7676356096,160.9176907825,96.8639744886,112.4008427387,135.9731749750
2023-01-18,135.9070293309,122.8598538097,163.4477746692,97.1704466714,113.3246401633,136.9354628400
2023-01-19,136.0357076553,121.9829993335,163.5632809999,97.3108128750,113.5119391872,138.4051598845
2023-01-20,135.1084717923,120.1830082595,162.0746157016,97.4203917493,112.9017160982,138.5868606723
2023-01-23,134.6842833730,119.9701198396,160.9249100270,97.1151044318,112.5930265613,138.9873946567
2023-01-24,134.2563500929,120.7949712569,160.4830321502,97.1262107260,112.4411556789,139.0945147654
2023-01-25,137.4160065949,123.1575178321,160.8864072564,96.7838390453,112.6411602978,138.7389222086
2023-01-26,138.8492182273,124.9483851660,164.3354112625,96.9452461278,113.3988192842,141.4693136657
2023-01-27,138.3520699009,123.2067027158,163.7003196206,97.1261292580,113.0753571576,143.1029497766
2023-01-30,139.8102043720,124.1418418684,163.5614225694,96.7193887960,113.2405044680,142.9595546359
2023-01-31,138.2583789595,122.9717951818,161.4360019335,96.7023880396,112.6935267566,143.7089171674
2023-02-01,139.2126559956,124.2655896625,162.5788906407,96.3712012959,112.6291532656,145.8427132137
2023-02-02,141.6589901132,125.5738941788,165.3996143462,96.6224627803,112.9358448038,145.1457440184
2023-02-03,142.2472994230,127.0950117214,167.2815662197,96.8528209866,112.9700368914,145.7699484836
2023-02-06,142.3302734894,126.5140582009,170.3513095431,96.5694448585,113.0358873515,144.8224719403
2023-02-07,140.6359035447,125.0010964737,168.6253002283,97.0056105859,113.4955860359,144.8413257736
2023-02-08,138.1648540497,123.9202117915,167.7955542577,96.6855840925,112.4276208883,146.8206272127
2023-02-09,139.8547464358,123.7880618199,169.1988202839,96.9897359686,112.6851867020,145.4275719378
2023-02-10,140.2289877194,123.8702454367,170.4158450561,97.0929304424,112.7453506997,146.8343307561
2023-02-13,141.3928211551,124.7315096470,171.1803591050,97.2542541809,113.1361549290,146.4164307328
2023-02-14,141.9871742923,124.9952987091,168.7142769834,96.6030142335,112.1478072887,144.0248707313
2023-02-15,141.1617797577,124.2460702773,168.5707756098,96.8548984660,112.0413952511,142.7739110887
2023-02-16,142.2343123599,124.5591288938,167.9625234310,96.7831692795,112.3054799922,143.0524861714
2023-02-17,140.4213684161,122.9504255272,166.9586390983,96.8655726017,111.7139639608,141.3701982357
2023-02-20,139.5648853656,122.1150170794,164.7872773388,97.1234204957,111.7961984601,140.9261015764
2023-02-21,138.8497156207,121.5191339288,166.2906688420,96.9681957121,111.6496800176,140.4981051058
2023-02-22,138.2933505770,121.9872157907,167.8140863476,97.2847768402,111.8078533339,139.6141911685
2023-02-23,135.8649557757,119.8607642165,165.6171797411,97.3009261669,111.1437954149,137.8231465051
2023-02-24,135.0545324749,119.2322100961,164.6481330082,96.9541316986,110.8071829385,138.7668419735
2023-02-27,134.2918378619,119.0983058346,166.4805353790,97.1654457798,111.0054003203,141.8809980982
2023-02-28,133.1769576080,119.4292890555,166.9891845693,96.9459627493,111.1091544029,144.5448116521
2023-03-01,133.1959378496,119.3990355617,166.7686342698,96.8067138023,111.4474175142,144.9928439921
2023-03-02,134.5820734966,121.2552488701,169.8537844726,96.5735180130,111.7848423775,146.1350417760
2023-03-03,135.8645080213,122.5920968476,171.5193373395,95.9178309825,111.6163630071,146.8682333552
2023-03-06,135.9643826607,122.6316588428,171.7962919808,96.3102761683,112.2704688744,146.3781626813
2023-03-07,136.0650531076,123.8211054735,175.1122560485,96.2020265391,112.2465842670,148.5557489911
2023-03-08,136.4642023992,124.3261039777,178.6436918030,96.0602352503,112.0813551566,148.6886119819
2023-03-09,136.7580600375,125.2720046990,181.3983303429,96.1308809401,111.8521966645,147.1316318016
2023-03-10,134.5198837451,124.6413368948,182.5592595094,96.1622750320,111.7234024925,146.2644014001
2023-03-13,136.5630858975,125.6314405297,184.7175779150,96.1212878513,111.7166966821,146.7230559699
2023-03-14,136.1516325086,126.9989683304,183.8725776820,95.6906632393,111.1116926671,146.9570415824
2023-03-15,136.9131333224,126.8612233257,181.4377309497,96.3981391655,111.4250878963,146.8098942934
2023-03-16,137.4257673831,126.4273779409,183.2189571732,96.3870970788,111.4923561438,146.5886585582
2023-03-17,139.0242612693,127.8131747167,181.7791859038,96.5178229729,111.9967221815,144.8633163924
2023-03-20,137.9225689306,125.9172032757,179.8279045254,96.5682772468,111.6716994379,144.9383142651
2023-03-21,141.0916374143,128.5957994666,181.2012635018,96.0671555738,112.0533461776,145.1581429055
2023-03-22,140.7886057423,127.8493106585,180.9956056341,95.7287795747,112.0251520830,146.2749163778
2023-03-23,143.2316988011,128.8355761480,183.2547640596,94.7880336214,112.0552718345,148.7654960072
2023-03-24,141.0267301544,127.0663120301,181.4146079199,94.6354328987,111.1724683287,146.7103008714
2023-03-27,142.2901562643,128.0455623845,185.8864823844,94.1383654198,111.0281588730,145.8617885753
2023-03-28,144.2821919604,128.8321914498,185.7526645581,93.9860179381,110.7789879327,145.3456255738
2023-03-29,143.3556448538,127.9468457373,184.1985230429,94.2561547120,111.1500523047,144.8301590692
2023-03-30,144.2080466914,129.1634883494,183.5520511970,94.2781359987,110.9858298634,144.9774954835
2023-03-31,145.3602732659,129.0076894243,183.9080329910,93.7808169243,110.9266438030,144.4395542885
2023-04-03,145.8923319737,128.8839040690,183.2983785030,93.4952688734,110.9376327306,142.4381262706
2023-04-04,145.1116687373,127.5589524499,182.9048722840,93.1932780422,110.4674312441,143.9150964890
2023-04-05,144.9289796311,126.6977524919,181.9644342091,93.3343397702,110.4802957695,143.9610064300
2023-04-06,145.3826956043,125.9603224764,183.4947455814,92.7408589049,110.2887499899,145.9471896039
2023-04-07,147.8016899583,128.6844732635,185.4854447078,92.5219957826,110.5173010711,146.9573728623
2023-04-10,146.6845934243,128.7073716350,184.0094327697,92.3304973182,110.3657730157,148.6285862376
2023-04-11,146.7856346243,128.2940475314,183.6827281262,92.2743990473,110.4691946866,148.1757911552
2023-04-12,145.0748400199,125.9519404604,180.7098307670,92.3069981416,110.3448092252,146.2682171870
2023-04-13,143.2287014895,125.0944783131,178.2724569967,92.5594411310,110.1108735725,148.2303930711
2023-04-14,142.5214901304,124.4072643067,176.7701789605,92.9143328629,110.3757656120,149.3034439677
2023-04-17,140.8164003126,123.9667105832,173.2819611461,93.2623771117,110.0705842520,146.8174240026
2023-04-18,140.1903969391,123.3253623699,171.4502387159,93.2687943421,110.4678733365,145.7362945930
2023-04-19,139.3006973299,123.8917387591,170.5556257943,93.6407925014,110.1204887707,145.3895370168
2023-04-20,140.4506032515,123.0066498452,169.9904746607,93.7054796514,110.1635682658,145.8009082012
2023-04-21,141.9868952626,123.6597091361,171.4806813810,93.0968538482,109.6209727043,146.8594374062
2023-04-24,143.1578739106,124.1144257006,172.3279078601,93.7984208441,110.1899806377,143.8831031889
2023-04-25,143.1556414330,122.2845261818,170.8803340801,93.7320292902,109.5925686803,140.5662267262
2023-04-26,146.1307045680,124.7082310174,173.2393793019,93.4680020654,110.1996602240,139.5793011473
2023-04-27,146.6796365320,124.4479861245,175.8322453251,92.7815010448,109.7936164027,139.9629103910
2023-04-28,145.9785086977,124.2924742421,175.1334642054,93.2697736622,109.8962741930,140.2157450425
2023-05-01,146.2711276332,125.2329351094,174.9476391932,93.2285604104,109.7260717346,137.8034949929
2023-05-02,145.4429377281,124.3270841180,173.8219197909,93.1446217713,109.8068519398,136.0817829854
2023-05-03,145.8171572978,125.1423715509,174.2612525842,93.9608510871,110.3448618333,134.6371460716
2023-05-04,144.7548515953,125.9118149586,174.9768752928,93.7056527122,110.1534881269,135.1596665590
2023-05-05,143.4210319742,125.1051692724,171.0818614171,93.7885286982,109.5858612219,135.0251864084
2023-05-08,143.7698802705,123.5059681309,169.7956053254,93.8154623797,109.4498187374,134.6393303424
2023-05-09,143.9497600895,123.2147884781,170.0053809489,93.5849063873,109.6990584079,134.1484728882
2023-05-10,143.1780024256,122.4606908276,171.5838853528,93.3605864578,109.1968940006,135.0153016122
2023-05-11,142.5577516272,120.2226067170,171.7574272253,93.3449778875,108.7361884029,136.9766518343
2023-05-12,143.6808091636,120.5494264198,173.5654873415,93.0917584416,108.8364323959,137.0413817480
2023-05-15,145.0371936047,121.5876899535,176.4785912183,92.4296742647,108.0136137156,136.8002240711
2023-05-16,142.6953143047,120.7786505675,176.7697286187,92.0740298578,107.5224626669,136.0773191227
2023-05-17,142.6613670816,121.5399429428,179.3311924396,91.9852307802,107.8911847358,136.1373771759
2023-05-18,143.4939694719,122.5517087682,180.7123190118,92.1178202441,108.1102168148,137.3843302599
2023-05-19,144.1399698161,122.6190246727,180.6378955536,92.1130307063,108.1565080675,137.9572041188
2023-05-22,145.3958928310,123.6334490457,181.7773103931,91.9838264725,108.2055973646,139.4408354410
2023-05-23,146.4389944642,123.7343505916,180.7050138341,92.1885037362,108.0677391359,138.9671117369
2023-05-24,146.6791821252,123.4845110840,179.9371541629,92.4929705414,108.1606385086,138.3022924587
2023-05-25,142.5020473153,120.5521702436,174.3247842994,93.0793413944,107.3375269453,137.8274665061
2023-05-26,142.5976654781,120.5932259470,177.3448431882,93.4939278612,107.7803809001,138.2096254334
2023-05-29,138.8596427972,116.5832570357,173.0940061931,93.7972051709,106.7107773067,137.4949078079
2023-05-30,139.4144993738,116.4500064762,173.8709060918,93.6495730813,106.7969879933,138.3811159102
2023-05-31,138.5039439417,117.2698409654,174.5644835873,94.0808378197,107.0533230985,139.8486620525
2023-06-01,138.8934560585,116.7785830229,173.7268920538,93.8095174074,106.5568769907,139.1817202103
2023-06-02,137.1318856777,116.3265119166,172.3111948170,94.0044597417,106.2752371965,137.7862061788
2023-06-05,135.3851882140,114.6026248045,171.0051378970,93.6936061287,106.0965488128,138.3763854759
2023-06-06,134.6216399781,113.5344710762,171.1092225808,92.8294590862,105.3285172610,140.3051801167
2023-06-07,135.3835918590,114.6788138284,170.5289995614,93.3498990735,105.5948749080,140.7648901093
2023-06-08,135.7600649880,114.3606039599,172.4370749825,93.5092577110,106.2148325408,139.7485110708
2023-06-09,134.2556346799,113.6494880643,171.2146166254,93.7372165659,106.0681314016,139.4088812714
2023-06-12,132.0711897949,112.0608342818,170.4949107046,93.7422053617,105.5166218379,142.0086747324
2023-06-13,131.3260611131,111.8660760176,170.4515137936,93.3686233362,105.2131964549,142.1218998244
2023-06-14,131.7186793552,112.8341688597,169.3851265715,93.4779210237,105.0288328589,142.2633975338
2023-06-15,131.5137295469,113.0182665691,169.8540314497,93.3049462671,104.7760854895,142.4301714452
2023-06-16,131.7093679105,111.5690198175,170.1093744076,92.8972496795,104.4730101195,143.7312962382
2023-06-19,130.1317579504,110.4299901134,166.9085473046,93.1314671316,104.3257207259,143.0750874727
2023-06-20,132.8084174078,111.2587309963,169.1122294547,92.5009859377,104.8587537295,143.9409470273
2023-06-21,133.6129452935,112.3374338401,168.2046042176,92.4957535352,105.2116596735,140.8528543673
2023-06-22,134.4249877649,114.1602324179,171.2323663331,92.9177981783,106.1075130337,141.5736919739
2023-06-23,135.3046558994,113.7592412355,172.9723704551,93.2309099782,106.0984786437,141.0976796067
2023-06-26,138.1970350298,115.0412849276,176.1136492557,92.9228834959,106.1933980965,143.2590145998
2023-06-27,137.2044959886,114.9688343481,177.0003929835,93.3822730103,106.5157773755,144.2852330258
2023-06-28,138.7306886396,115.5097449808,180.3859370975,93.4872638620,106.5788778625,144.0415392412
2023-06-29,138.6452584389,114.8571924937,180.1738405525,93.6622547107,106.8199982208,142.3410506008
2023-06-30,137.8510874258,114.6886774211,182.2704925171,94.1373412815,107.6960107387,142.9265116110
2023-07-03,137.1542621695,112.6918694952,182.2610231177,94.0154841292,107.1981321532,144.5463122398
2023-07-04,136.2417235189,111.4378038953,182.2852212422,94.7241782692,106.9894818958,143.2224540312
2023-07-05,136.9622752015,113.3279685149,187.0530097923,94.6955401009,106.6753426095,144.5825700816
2023-07-06,136.4790481195,112.8825281903,190.4205779547,94.4696863444,106.6916965773,145.8012921281
2023-07-07,136.3746873952,112.7829169424,189.7547787572,94.9349563369,106.9481050259,145.3475110224
2023-07-10,136.2361204329,113.4157556258,189.1960315860,95.4628672241,107.7929792751,144.3649270754
2023-07-11,138.5682014873,114.4016497440,190.8983587090,95.2363349370,107.9134411420,144.0388388801
2023-07-12,137.9545327162,112.8091777277,187.9214418612,95.0912051000,107.4839405556,143.2844669388
2023-07-13,139.5007367335,114.4177473613,188.4557989999,94.5706891352,107.8750229812,143.0028152097
2023-07-14,140.6680510144,113.3824320642,188.8884833765,94.1766694000,107.6190099883,143.1924748975
2023-07-17,140.3225057330,112.4409196612,189.8534308675,93.9931655103,107.6065604408,145.5578378037
2023-07-18,138.9561209659,111.6072854350,186.3965600190,94.1749042670,107.6590846577,143.6111379736
2023-07-19,139.3712815559,112.3732810571,189.6351904372,94.5802983492,108.3321198768,144.9989247116
2023-07-20,139.6322605459,112.0438702025,189.3156818871,94.4425918924,108.2259702330,142.7776093200
2023-07-21,138.8771976484,111.5442020435,187.3331502180,94.4815347204,108.4742970892,141.6968096012
2023-07-24,139.6104318446,111.9255390839,190.0934312605,93.8508120908,108.2965328757,142.4730616530
2023-07-25,138.4161216075,111.7831001039,190.0827003690,93.6742882840,108.1599472995,143.4652996335
2023-07-26,136.2311820238,111.0379812335,188.7550574244,93.9108203537,107.7465403238,143.1447206940
2023-07-27,136.9099241919,111.6045533848,186.5748320972,94.2934443894,108.0489502515,140.7515789280
2023-07-28,138.6891476279,112.7657503188,187.8319856704,94.3383157501,107.9164589400,139.7879850638
2023-07-31,139.3931522749,112.7856287174,186.1122276919,94.4412581343,108.0380596278,140.3562581634
2023-08-01,138.1586122139,112.5174879096,187.1080575954,94.6376774559,108.4426340604,139.4324409165
2023-08-02,139.3992134093,112.9034659259,188.5982470939,94.8160875526,109.0474414860,138.9450074492
2023-08-03,138.6080602702,112.4590678582,187.7197110854,94.2559265769,108.2224455997,137.8905945693
2023-08-04,139.4165575194,113.2148197726,189.2339996318,94.0467050425,108.6863214520,138.3402119048
2023-08-07,140.3685630020,114.2948199143,191.6861748997,94.0922417919,109.0468864681,138.7512645858
2023-08-08,138.9770251868,113.8623017096,189.5208949449,94.1733440455,108.7089543115,138.6224333776
2023-08-09,138.2295127585,113.4113376827,187.0558972491,94.4087425772,108.3802908287,137.6703579292
2023-08-10,139.2434423811,113.8084213242,188.4861869341,94.5118264399,108.7534935918,138.7344280742
2023-08-11,138.5693124709,113.6698127316,189.4917910939,94.6963731908,108.4754963933,141.3056458284
2023-08-14,139.0191962171,113.9433097713,194.8278277821,94.4674702507,108.7067461733,142.0419906554
2023-08-15,137.6403050752,113.2856675888,192.1480129536,94.3732688369,108.2451133016,140.6425997821
2023-08-16,138.3144508916,113.9191059831,194.5466158188,93.6023147751,107.5986224491,142.8794387028
2023-08-17,138.1774174800,115.5274334373,196.3784218498,93.7700359023,107.7473230445,144.4934163833
2023-08-18,137.9123394847,115.1395969188,195.0571020393,94.2753251976,107.6064551248,144.8166271957
2023-08-21,138.6223758463,114.5000386526,197.6181289748,93.5634725150,106.9152407854,143.5566794450
2023-08-22,138.2647526622,113.4476555971,196.8071769056,93.6183335002,106.9922894826,142.6619547615
2023-08-23,136.6474152994,112.3483937665,194.9139577168,94.0213095458,106.8292583921,140.9372566257
2023-08-24,138.1995861528,113.8820524675,196.4195726363,93.7518893182,107.0078730036,141.0101906788
2023-08-25,138.0325899993,114.7312820560,196.3694806719,93.8056114371,107.1524514874,142.4011878861
2023-08-28,139.8162791454,116.0473356695,197.7431347278,94.1041118464,107.7930395523,143.8810242776
2023-08-29,140.9646335512,117.0532088946,197.0139742531,93.6570411496,108.0348371099,139.8664173051
2023-08-30,140.6844525781,117.7241862043,196.8546494179,94.2236231916,108.2193599055,137.3594892707
2023-08-31,139.4713358986,117.2966239578,196.9743373605,94.3469853907,107.7567053495,137.9986728565
2023-09-01,137.1490701504,116.3252768686,195.9035906847,94.1794012443,107.5767995674,136.7026336508
2023-09-04,136.7831059476,116.5359792099,197.6226029430,94.3051420472,107.6047231611,136.0883968114
2023-09-05,135.3294089470,115.6413662132,195.2500818241,94.6969188718,107.8453731172,135.0574854725
2023-09-06,133.9394883354,114.9795173493,196.2548947497,94.3799342290,107.2664602759,133.9934924754
2023-09-07,136.7544987125,116.6148373485,198.9303852765,94.1468033023,107.7081186289,131.8759186628
2023-09-08,139.0991230920,117.7972263054,199.0517546298,93.8578364549,108.0743982263,130.0993970673
2023-09-11,136.5285100864,116.7583800377,196.5422826560,94.7101557228,108.4400032336,130.5919311000
2023-09-12,138.1102498371,117.1029166647,197.9607328149,94.0158997985,108.0271430100,133.3502558566
2023-09-13,138.5621095859,117.7836585558,196.8386558184,94.2159894360,108.2164976131,132.6021471404
2023-09-14,138.4499812601,116.9101162056,195.4904827027,93.8482377404,107.4881539248,132.6910402328
2023-09-15,136.5469697811,116.1202941219,190.0565243051,93.0747611884,106.4383405207,132.9434967750
2023-09-18,138.8334940479,116.2580868679,190.9349503089,93.1236298201,106.5281931498,133.0285667543
2023-09-19,137.9944642953,114.5460039815,188.8444559816,92.7622627789,105.5713501335,131.8256488553
2023-09-20,138.1282579294,114.1319467645,188.3521927734,92.5830700951,105.5871734864,131.5866981047
2023-09-21,139.3547113001,115.2777774607,190.6750057411,92.5379378697,105.7335281066,132.7999454204
2023-09-22,140.3504884506,116.2032261068,192.0246939015,92.2047948175,106.1769209676,131.2888552449
2023-09-25,141.8216221111,116.3430010944,194.8885447514,91.4939509586,105.7730175275,130.1866597648
2023-09-26,142.2285585780,115.5833488879,194.3449499755,91.5027481732,105.8795322022,128.9211774300
2023-09-27,143.7542581993,116.7315789802,195.1667304279,91.7390166605,106.8073447335,129.0751765545
2023-09-28,143.7394014266,116.9694424267,193.5819732671,91.6820633052,106.7486818702,127.0443234076
2023-09-29,142.8985531294,118.8777672579,193.7994857651,91.8104407434,107.1313661173,128.2187544238
2023-10-02,143.5588857259,119.4698746059,195.1640032309,91.9425904450,107.3266845107,126.3569049330
2023-10-03,144.1283230622,119.0101873337,197.1564538676,91.7001226144,107.0242018586,128.1190231516
2023-10-04,144.7220612181,119.9081448736,196.5246632481,92.0875072098,107.2478601669,129.2779129127
2023-10-05,145.6122985574,120.7230726488,198.3888800955,92.2522835938,107.0277674396,130.1590806330
2023-10-06,144.4572242486,120.2646624171,197.9263623689,92.2718900079,106.7979273949,132.7522850578
2023-10-09,144.5556335596,120.6391055580,197.7268334740,93.0327447708,106.7459565037,132.9499390457
2023-10-10,145.3335740003,120.6269118996,200.8089961607,93.0228221534,107.0953175924,132.7882442830
2023-10-11,143.1195478394,120.7879002038,197.9869740219,92.7727977521,106.8171861271,131.8640923451
2023-10-12,141.1040832790,119.8724600372,193.9585399073,92.9643621851,106.6861578604,130.3420463700
2023-10-13,141.0657312043,118.6169556473,195.6452939976,92.6182295521,106.4044923294,130.3021524700
2023-10-16,140.5351068504,119.8209177940,198.0648958175,92.7715327939,106.5583451372,129.6731409309
2023-10-17,139.7417333080,120.3079851819,199.0571405609,93.0725703431,107.1432863510,130.8918466110
2023-10-18,139.4322441177,118.5958774456,197.3386738617,92.8152410721,106.4805630668,131.1502397171
2023-10-19,139.6635387843,117.8252377212,200.1882903144,92.3539905446,106.0938990574,131.5491473206
2023-10-20,139.5489633203,117.5126225271,202.0494204592,92.8302943262,106.1109072887,130.4437651238
2023-10-23,137.2044299357,115.7736503608,202.0150556180,92.6736985733,105.9339471416,132.2695267039
2023-10-24,134.5220849482,114.4076134988,197.1515755569,92.7227642015,105.4515797162,131.3689691328
2023-10-25,135.5595360804,113.6708734534,198.9545120685,92.5272046625,104.9576758911,130.6216292008
2023-10-26,136.5066047151,114.1632890432,202.7369330011,92.2349640198,105.0935875979,131.7492386194
2023-10-27,137.2918748834,115.1326367254,205.6948892253,92.5700429301,105.3014138489,133.4408173445
2023-10-30,137.8103333269,115.0527040366,206.0725600597,92.3137664735,105.6010137337,131.9959356581
2023-10-31,135.7199272209,114.1288745183,202.2206485702,92.4935936161,105.5850299056,131.8181701304
2023-11-01,134.9982594334,112.8338478294,198.7269452853,92.2844308772,104.7503259321,131.3180769437
2023-11-02,136.7227879245,113.5889739863,203.0028359788,91.7797391054,105.0683424926,132.3886090366
2023-11-03,135.6196831297,114.3020056543,204.1690364549,91.8602964322,105.0321150854,133.9253785519
2023-11-06,133.8455346620,111.8296193192,199.9057573176,92.0930360267,104.9758327599,132.4465110063
2023-11-07,132.1936280304,111.6448207564,199.8725369583,92.0246330533,105.0301750421,134.6418749869
2023-11-08,132.0969901835,111.6364517044,197.7153129072,92.3277348537,105.3470470439,134.8452196796
2023-11-09,135.4282938279,112.2963273051,199.8419149441,92.1134291752,105.7404187094,135.2468571560
2023-11-10,136.2712213049,113.2508659374,200.7552698073,91.7811993985,105.7757528990,135.2652311221
2023-11-13,134.8612003858,112.8572829296,198.3109738250,91.2189161094,105.0666730943,134.2788451660
2023-11-14,135.2373565277,112.7638175552,196.1506103271,91.4972152209,105.1746898599,135.5642011061
2023-11-15,135.1507556843,112.6669458828,194.9842078846,91.4682695638,105.0867413701,136.2985413556
2023-11-16,134.2567194087,112.8031971082,193.9464873290,91.0504017286,104.7888960907,135.8268966607
2023-11-17,133.6479832603,113.1968110066,191.7328092513,91.3767382151,105.3337010442,136.3965891757
2023-11-20,131.5969798415,113.3578630692,192.1251160253,91.4720300545,105.3889175999,137.5317649618
2023-11-21,134.0505861486,114.1270048438,196.3909553538,91.5837861828,105.5623530728,136.6023868095
2023-11-22,132.8870157284,112.7065299153,195.7243098190,91.5124917982,105.2407064661,137.3991659764
2023-11-23,131.5157727978,111.2485641095,192.8093866059,91.2684709884,104.5857529546,137.9774545474
2023-11-24,131.2652202452,110.8686602507,194.8049201616,91.1353231970,104.4434270689,139.8977100952
2023-11-27,129.7438853675,109.5273797504,193.0629726722,91.5041753070,104.0407054225,140.9562015212
2023-11-28,128.4655161994,109.8576770553,189.7205780879,91.9603342900,104.1639777651,140.5990395269
2023-11-29,129.7416712880,110.3480811210,192.5305749303,91.5230462912,103.9065168651,140.3623643166
2023-11-30,132.1533985094,111.8559307037,196.6518058203,92.2365210832,104.9525545796,142.3400488527
2023-12-01,131.7186961715,112.1523676841,195.8528322584,92.6133366371,105.2125264140,143.4719462631
2023-12-04,130.2741271638,110.6875017975,191.0983611578,92.3965602100,104.8226765060,141.1032047737
2023-12-05,129.2162945110,110.2928442154,189.6332464861,92.3812098722,104.5383346028,141.8162876457
2023-12-06,133.6234818805,113.4531963461,195.8834651681,92.4253697153,105.1786349403,142.8538498599
2023-12-07,133.8407734755,113.2883627865,194.1439356482,92.3938152699,105.8406590174,142.5658908754
2023-12-08,135.0949749540,113.5082044342,195.3072202212,92.3992226348,105.6563779075,141.8545757196
2023-12-11,136.6772117863,113.2513457689,195.3178974204,92.6060443932,106.2021491633,141.7584928811
2023-12-12,136.0130607234,112.9262335028,192.9345389879,92.7012672190,105.8067161405,139.7037120488
2023-12-13,137.8778097931,113.2614503420,192.3189394181,92.3848011581,105.6522798831,139.9261295561
2023-12-14,138.3586434893,113.1324949609,192.5383741250,92.8016397530,105.7689109271,139.3458229348
2023-12-15,140.8663334121,113.5202191739,194.8387134489,92.4965343284,106.0641228074,140.4969093202
2023-12-18,140.7742520061,114.0423381582,198.3206852164,91.8230838048,105.2759745508,137.9488662725
2023-12-19,142.6656618907,115.2348128009,200.6222427922,91.2703963014,104.9380030335,138.4378379786
2023-12-20,143.0457265411,115.6604732551,202.6521293895,91.5392505183,105.9001798414,137.5029138777
2023-12-21,143.5225096430,116.4569686707,205.1911559654,92.2419562558,107.2904102188,139.1902266258
2023-12-22,144.0209440786,117.8658404216,205.1263829406,92.1873718717,107.4151320935,140.3339913504
2023-12-25,143.3756528383,118.1275363649,205.6583878497,92.1886879635,107.4678927906,141.2465587133
2023-12-26,144.9346894921,119.6037951604,207.3925188282,92.1986202767,107.8792875757,140.4659221113
2023-12-27,145.6221886679,120.3571732422,210.3902829185,92.5559179853,108.6835960127,140.4837762037
2023-12-28,145.7449930208,120.6337845962,206.6162642128,92.4777859026,108.2170443222,141.7956017309
2023-12-29,141.9787147118,117.8969863753,204.9387583365,92.3276827347,107.2498937492,141.4699481560
2024-01-01,142.6696770339,117.4596415614,203.5750156980,92.3990765774,107.6561495757,140.0613337653
2024-01-02,140.0797002844,115.7011989558,200.5605191939,92.6080718120,107.5319989690,139.2480896213
2024-01-03,140.9007819085,117.2193125347,204.1867661844,92.3206083498,107.5021061194,141.3003494979
2024-01-04,140.4374559809,116.8461958274,203.8023625955,92.0910203938,107.1641902813,142.1062917188
2024-01-05,139.1152728145,115.9352554756,200.8120767653,92.7726407447,107.5022565651,141.9472921694
2024-01-08,138.3855903541,115.4380366636,198.8020418153,93.1941243814,107.5869025992,141.1401878854
2024-01-09,137.5897624414,115.6308058963,197.2284876747,93.7859835692,107.5981730509,141.8655162095
2024-01-10,136.6754877498,114.3094821570,195.2682280381,94.4011073016,108.2799701270,142.1837205534
2024-01-11,137.3028505744,113.9807970582,195.1092327085,94.2105072430,108.4435659162,142.8411144484
2024-01-12,136.4003912842,114.0411545531,194.5077783300,93.4013456959,108.0998001335,143.0129395623
2024-01-15,137.1589691153,113.9925412500,195.9432803818,93.0033998495,107.8042460771,143.0660868149
2024-01-16,137.4708821712,114.2403812247,196.7657928643,93.0714489935,107.8982610101,143.2866051180
2024-01-17,134.8940636096,113.7516128865,196.5898986060,93.0555349095,107.4386340246,144.0571427421
2024-01-18,133.9704706458,114.0474537537,194.3381434441,93.3625202365,107.3408941421,145.9933903120
2024-01-19,136.6512942601,114.1627790522,196.1301537090,93.0974063419,106.9443975256,147.3918220034
2024-01-22,135.6784289172,112.0682091716,194.2362079799,93.5707223789,106.5790914498,146.4828063733
2024-01-23,134.8649470533,111.2561959908,194.6734657698,93.5758113671,106.2230388457,149.7024934990
2024-01-24,135.6323726035,111.9093763407,197.0589572287,93.7363907036,106.2836176359,151.6601392968
2024-01-25,136.1874691636,113.1445271525,199.2706660792,94.2166716034,107.0988767560,151.4600655833
2024-01-26,131.8037799248,111.8204378119,196.7161394498,94.4304942687,106.5893884706,149.2490881299
2024-01-29,130.6466009245,110.4054318135,193.9671488150,94.4736409746,106.3808942912,150.1740247522
2024-01-30,131.2985383241,110.0340213966,193.6976296064,94.3051105285,106.6421606523,149.6385920271
2024-01-31,128.4938096765,107.9308882033,190.0153354766,94.3302036897,106.0762499716,149.5783758423
2024-02-01,127.3207706555,109.1149168474,190.2266925356,94.1622559708,105.9016027553,149.3724300223
2024-02-02,125.6854706054,108.7359046069,189.7327093347,93.7819791470,105.3971306501,150.6754276512
2024-02-05,124.2615566124,108.0769826740,188.5913403165,93.2493877412,105.0939740147,151.0697335038
2024-02-06,124.7114547831,108.7724498906,193.1431981797,93.4218199771,105.8627947889,153.6996623459
2024-02-07,127.3094343609,110.9582123904,196.7830517015,93.1312201550,106.5600181416,156.1141190415
2024-02-08,129.2537676902,112.2285553791,200.4757942335,92.7618575232,106.4708334297,158.2623441175
2024-02-09,129.8618003187,113.2575461397,202.4022401838,91.9891865291,106.3898265856,158.3560815040
2024-02-12,129.9278314260,113.2259955353,204.2379324755,92.0666057746,106.6223261650,156.4363846551
2024-02-13,132.6445694775,114.8409776778,207.2840864739,92.1920452298,107.3522818288,156.5323872320
2024-02-14,134.4020731556,116.3291710651,207.5881426176,92.6047878779,108.1442837133,157.9340260500
2024-02-15,135.2579514358,117.5529082019,212.2519641408,92.3122248981,108.0330731829,159.6857874280
2024-02-16,134.2917191339,116.5075032990,211.8222123345,92.3671539681,107.9634675818,160.8920544436
2024-02-19,134.5635260771,115.5630217841,210.4345700592,92.4228651260,107.5421843050,161.4941192739
2024-02-20,132.7557895067,114.5983048673,210.7693655543,92.6410922869,107.5366300948,162.9115774617
2024-02-21,132.4097076994,114.0525025872,208.9607535480,93.3176966740,108.1194179755,161.1087614022
2024-02-22,133.5537958867,114.5533802402,206.6093604115,93.0311719930,108.1841312622,161.5808735561
2024-02-23,134.2233869556,114.6666567924,208.5246362702,92.6425106650,108.2558368501,161.7724636330
2024-02-26,132.3152458397,112.9429793371,207.3615546295,92.6657125316,107.5204732809,160.7390999176
2024-02-27,132.5622468856,113.6911490044,208.2055663739,93.3438619172,108.0735140536,159.7187959220
2024-02-28,132.0234837268,112.8563322976,203.6810258317,93.1465320305,107.7963280543,159.3843036489
2024-02-29,129.5705337560,111.3351718548,200.0006312807,93.0498487016,107.6012039730,157.8714591255
2024-03-01,128.2723771892,110.8389962706,198.4199704907,93.1401508076,107.6710152274,158.9363543927
2024-03-04,129.6456946438,111.6094255979,197.1145006715,93.3750380062,107.8463459339,156.9545663264
2024-03-05,127.1159143428,111.2552474464,195.1559917039,93.6704162656,107.0798467775,157.3781656955
2024-03-06,126.1663341117,111.4174949135,195.1736646131,94.0440240219,107.2134432085,160.2496516752
2024-03-07,125.6443784317,110.7821889190,195.3320832260,93.9371334492,107.3273875909,160.6871648972
2024-03-08,125.3357245467,111.7049018887,196.3321084890,93.4737419664,107.7580866633,160.1252738082
2024-03-11,125.9350522569,112.1509361118,197.2307390725,93.0078774405,107.6119892473,161.2244812906
2024-03-12,125.9221696977,110.1244742288,197.2486737946,93.0943050509,107.3843852279,160.6002213768
2024-03-13,125.9431097554,109.0914326719,196.7659784862,93.3648271388,107.5978850169,160.1361256250
2024-03-14,127.1175803435,109.3445796777,197.7344462774,93.4101778985,107.6252406109,161.5445098015
2024-03-15,126.6654864890,109.1345055235,198.2245629083,93.6449954261,107.7059861683,162.6714493318
2024-03-18,125.7926037622,107.9239327238,199.6130387657,93.6829512666,107.4936806285,164.4045113147
2024-03-19,124.9278190095,106.1023644104,199.1529000571,93.2492953421,106.8274847555,165.6973448053
2024-03-20,126.1474050692,106.1431134729,202.5220616194,93.3114178637,106.8629512307,166.6056823318
2024-03-21,124.9979582651,107.1234243517,204.6236195360,93.5616817281,107.2433840888,167.7785651409
2024-03-22,124.0591778300,106.5346493748,201.8867362233,93.2647583377,106.6342258464,170.5333886151
2024-03-25,122.3260764326,105.6909746297,199.4936068202,93.7120266563,107.0967152529,172.4061771873
2024-03-26,121.5221953833,106.0271139376,199.8588292339,94.6691025191,107.6941081712,173.5523149448
2024-03-27,120.6439910207,104.8562960895,197.8966478481,94.5057816996,107.1455299667,174.8631922364
2024-03-28,119.2092572752,103.7767746715,195.6201726272,94.5926397912,106.9666153527,175.5275609154
2024-03-29,119.3472015724,102.9765428343,196.3753460852,94.6303911542,107.0498987654,175.3160894942
2024-04-01,119.8218452350,102.2225060008,198.8757601932,94.6745706814,106.8057016702,174.4783884390
2024-04-02,120.6340874383,103.6019373543,198.2612284256,94.5424119522,106.8652394798,175.2527890995
2024-04-03,120.1311325038,103.5976624744,196.7482527265,94.8938660582,107.3286975970,175.1963109574
2024-04-04,120.7811416270,103.1810058951,195.8177479826,94.9399061772,107.6234884619,175.9284536465
2024-04-05,123.4794291856,104.4514674365,198.4044236886,95.1937553239,108.5076856443,173.7916527063
2024-04-08,124.2003802304,103.4622567038,196.0375874774,95.1252105140,108.6539145803,174.6418941405
2024-04-09,125.9413557324,104.8364176560,196.7765063345,95.0928824408,109.2743050443,172.9872799829
2024-04-10,125.0231312157,103.6957723178,195.0508615011,95.0715666401,109.0105395489,173.2210748587
2024-04-11,125.9087280353,104.2868466397,193.2841737031,94.9385668872,109.0127004726,172.6322343775
2024-04-12,126.3833603025,105.4869393720,194.8770290126,95.1758996932,109.5627453170,171.8757448784
2024-04-15,128.2725251849,105.8977267882,195.0766271579,94.9986103105,109.6196380214,170.3167235766
2024-04-16,128.8305023572,107.1581828814,197.4931563453,95.2025717918,110.2691391758,170.5370088701
2024-04-17,128.5199730470,106.4131291078,196.8992245812,94.7909485753,110.5870929147,169.6505999161
2024-04-18,129.0230635959,106.6150427148,199.2132426335,94.1417247566,110.2577818233,167.8491026787
2024-04-19,129.0394313343,107.1393117019,198.1240881961,94.4399502552,110.1758097703,170.1575128765
2024-04-22,128.0472944877,105.9435961256,197.3715265641,94.2198943878,110.3349643251,171.0661215010
2024-04-23,128.1995663064,106.2289164211,196.4360516994,94.4274756672,110.8265680199,173.7544535355
2024-04-24,131.5426856550,107.6724252172,199.7167464804,93.8913240218,110.9682129130,176.7376056354
2024-04-25,132.1466861550,109.1788305107,199.0315997478,93.7139165118,110.4997096152,178.8764111146
2024-04-26,134.0756225496,110.6426208253,204.0034501162,93.9642681762,110.4221139885,180.4263302902
2024-04-29,135.7036739902,111.9754485669,205.9422155587,93.7833916711,110.9697702429,180.7458777420
2024-04-30,136.0906053134,112.1292011786,205.1509566105,93.5518650302,110.4085339832,180.1009290859
2024-05-01,135.3500395745,111.8569995787,205.9004601997,93.3877866968,110.2931196249,181.6430563724
2024-05-02,135.7324139131,111.8948563872,210.1893903503,93.4160904973,110.9022407365,183.3872782458
2024-05-03,136.3434100631,111.9633562328,211.0622542993,93.3787914362,111.1334130633,185.8817259762
2024-05-06,135.8203294248,110.8585123573,210.4962907365,93.0630686162,110.3666283193,186.6922114321
2024-05-07,134.4989122245,110.3222095461,207.3798478279,92.9591164059,109.7790001415,189.8624356798
2024-05-08,134.2164918420,110.6321855705,206.9986782563,92.6074172579,109.8595498355,190.3445594103
2024-05-09,135.4186383154,111.1030613772,208.5722516896,92.8646296203,110.3010829225,187.2078511076
2024-05-10,136.1888364423,112.5302240127,209.7298370909,92.8934739199,110.3464284457,187.9869910744
2024-05-13,136.2313366840,112.4076862562,203.9294553688,92.9178046814,110.4035086495,188.4982947534
2024-05-14,138.0022901274,112.9170264904,201.9498856840,92.5525479089,110.5497702351,187.0717763801
2024-05-15,136.7139184419,111.8092368703,202.4977689500,92.4105377975,109.8504686468,188.3843000521
2024-05-16,136.0109821736,110.7961685820,202.2565986997,92.4913429963,110.4037905222,187.0971857084
2024-05-17,135.6890754350,109.8808201043,199.8342003154,92.6986634040,110.2248578472,188.4432870373
2024-05-20,135.8538177798,110.5241389243,201.8980506378,93.0595852789,110.1924034052,191.6727999233
2024-05-21,138.2348799809,111.4654434442,206.2268082328,92.7570499448,110.2798478502,191.5872933350
2024-05-22,140.3975677460,112.1500183768,207.4810391288,92.3033389135,110.4231765151,193.8184810627
2024-05-23,141.6787389601,111.5059249250,205.8477899670,92.3963176652,110.5498749748,190.1107912046
2024-05-24,140.3535699171,111.1446779394,205.1758090440,92.4167305889,109.9519751198,188.8512639683
2024-05-27,138.7913663002,110.2707824493,201.1256511126,92.3934601860,109.2226556020,185.3730358673
2024-05-28,139.8641222184,111.4026661962,203.3201612311,92.5222536637,109.3664111879,187.5633358675
2024-05-29,138.8756784474,110.1284368014,202.9691250004,92.0537271344,109.0386384935,184.6239239884
2024-05-30,140.2126047399,110.4920422231,204.3157830707,91.2091892907,108.5578983353,186.4086410649
2024-05-31,140.0861218419,110.1475093504,202.5991768404,91.4033231116,108.1144412996,185.5228512261
2024-06-03,138.9859876233,109.0656874191,199.4706542151,91.4951028687,107.4949976141,187.0902575476
2024-06-04,137.8033398053,109.6225683315,199.2684595721,91.7051156997,107.8545039000,186.4717536500
2024-06-05,140.0786552547,111.0473759972,201.3184778445,91.8855122958,108.4575189372,184.9753052768
2024-06-06,139.0954508099,109.4171688578,199.2608795258,92.2941713782,108.6001981380,186.0492525543
2024-06-07,139.4668000258,109.9305963248,200.6496837025,91.7071538135,108.1657221024,186.2724611476
2024-06-10,140.6752160027,109.1008470909,199.8149672330,91.7567317942,107.6611424983,183.2181001640
2024-06-11,139.4887836536,108.6490491681,198.2629508713,91.9973519904,107.3983302249,182.3551138743
2024-06-12,139.7959319197,108.4304327898,198.3947875410,91.4741063180,107.0212017922,182.8978097668
2024-06-13,141.9685909319,109.0921655515,198.3826831214,91.6941268040,107.6789303953,183.3113304116
2024-06-14,142.9381688830,110.7662975037,199.4913332777,92.2119126959,108.8803701834,184.4882833381
2024-06-17,143.7209847697,110.0665094462,198.2909350948,92.7335110944,109.0754631294,183.8171707343
2024-06-18,144.1158326868,110.0452309139,200.1233332148,92.7287279842,108.8115239643,182.4614985636
2024-06-19,146.3459657170,111.2020352428,204.7835970451,92.4638553214,108.6516447544,182.8396010929
2024-06-20,146.9289338866,113.0303655789,204.8723483038,92.7519067749,108.9114821058,181.8508320634
2024-06-21,146.5073027748,113.9262315754,205.1619192293,92.9755498880,109.2426578333,183.9531123059
2024-06-24,145.1954009577,113.0944911864,204.3013452582,93.0178624770,108.2869168050,184.4142098725
2024-06-25,147.7786556175,113.7311997407,208.7783130828,92.8503172944,108.8519546357,184.4558772786
2024-06-26,148.9531445884,114.2734552516,209.8520256942,92.6041903224,109.2228527905,185.0260712045
2024-06-27,147.9830394133,113.9715657466,207.2915893450,93.2283093813,109.7214574850,185.1373424241
2024-06-28,145.5632504892,113.2319951099,204.4374330209,92.8553535008,109.1426798318,184.1163807928
2024-07-01,147.0075010273,113.0321594095,207.6057297699,92.4902702533,108.6979102157,183.1874625258
2024-07-02,145.9208146537,111.9891899690,207.4874773807,92.7655903810,108.6360648596,182.9185595179
2024-07-03,145.9832779261,111.1402325512,204.7719512433,92.7901772247,108.6173172794,180.6342428195
2024-07-04,144.7995952336,110.9853546632,203.8114574135,93.2756388776,108.7873422491,181.0088434358
2024-07-05,143.2062713351,110.4986005040,201.5306362312,93.6335604673,108.4192554220,182.2837864325
2024-07-08,142.6010475133,110.5755083886,197.9548970813,94.1064206016,108.9716766626,181.2811753980
2024-07-09,141.7777728304,110.8583336818,199.3804366063,93.9463708860,108.6813608734,184.8357345975
2024-07-10,142.5887880141,111.9413643117,200.1294407859,93.8974363554,109.5744585689,184.3433313833
2024-07-11,143.3706242052,113.2176286554,202.9938105604,93.8919497658,110.3146006206,185.8869845820
2024-07-12,143.5299670202,112.9924579079,202.2613814704,94.2479005452,110.8986973581,185.3680203552
2024-07-15,144.7050014914,113.0445585345,202.9786733153,93.7123390195,110.7709667486,186.4025276351
2024-07-16,144.2448473509,111.8301101656,201.8870697949,93.4588349785,110.7106007589,185.0331651991
2024-07-17,143.7225039867,111.2514235049,201.1171833496,93.7498093126,110.6980460450,184.4886241553
2024-07-18,143.3433342608,111.6760428469,201.1082757121,93.8477228482,111.5386874678,184.2523425925
2024-07-19,142.3446026607,111.0337772407,199.8922312954,93.5195036314,111.3184987000,185.9790824842
2024-07-22,144.0092127352,111.6272534012,197.9347235602,93.3640290860,111.6203449052,184.1301023760
2024-07-23,142.8332486980,111.3278814476,196.0090795298,93.6084714101,111.5978981421,184.1834383183
2024-07-24,141.7994706567,111.7180115376,196.1001330404,93.7091206267,110.8010705150,182.9360193127
2024-07-25,140.7133636963,110.9250626464,195.9498936962,93.0979861596,110.2708595763,184.5886796848
2024-07-26,141.1637430606,111.2735630672,195.6343758354,93.6822365103,110.8292551298,184.6452413317
2024-07-29,139.6069564316,110.3791165241,192.9823539516,94.2092703021,110.7118154834,184.4095501489
2024-07-30,139.1792733524,110.8898707973,190.9534929603,94.6723248732,111.0996829388,183.8523512967
2024-07-31,139.6703261267,111.8297300720,192.4093924399,94.7761771993,111.3763817970,182.7296686083
2024-08-01,138.8786709876,110.9992286378,189.8567935843,94.8069607120,111.3464474580,181.9617623612
2024-08-02,139.5444586008,110.9862971654,187.6464807179,94.6975340482,111.0686692963,183.0633677452
2024-08-05,139.2682688911,110.9054512602,188.3366032384,94.6466921997,110.8532299178,185.0043146785
2024-08-06,138.3677390881,109.3607848337,186.8557477848,94.2219803054,110.1565326977,185.6815421571
2024-08-07,138.6108533499,109.7554644848,186.9165750120,93.5698336732,109.3998011350,185.9112398584
2024-08-08,137.5576046290,108.3989717225,186.0135888101,92.6971087089,109.5143956995,188.2859405218
2024-08-09,137.8405462292,106.3426177168,185.8646368137,93.2485156360,109.6668260610,184.7581563506
2024-08-12,137.8104451582,106.0021694816,185.8756785518,93.0859966621,109.2651412579,188.7393194248
2024-08-13,138.7286400092,106.0614504535,186.2385953807,92.3205945147,109.1589562760,192.3410642350
2024-08-14,140.0383152888,106.8945174126,191.0962897148,91.7821636934,109.4601638630,193.8901676627
2024-08-15,139.1290996293,105.7997504896,189.9319586739,92.2585629190,109.8569544252,192.4783518427
2024-08-16,139.4740745481,105.8505420344,189.5878363892,92.3751218302,109.9299253591,192.4083577677
2024-08-19,138.1934208793,105.0136134153,187.2923609592,92.7268200749,109.8257069983,192.2456681372
2024-08-20,138.9579547858,105.6381836487,188.4991845076,92.7560509980,110.2365716331,191.8849238338
2024-08-21,141.9584564894,106.9888385593,191.8170921090,92.9600398872,110.5074568845,192.2689598951
2024-08-22,140.9556683618,107.7720213601,194.0174944586,92.8673906914,110.0092050975,193.2401057160
2024-08-23,140.2367519466,107.8765704063,191.4408457559,93.3497550158,109.9175925858,194.9935525624
2024-08-26,139.9880150008,107.5850570513,189.4045008029,93.4242746482,110.4379161508,191.2375563544
2024-08-27,141.0444176562,108.0349792315,189.3577141339,93.7621668699,110.9232940233,189.8116711562
2024-08-28,139.3369240378,107.5576363141,186.9812364573,93.3245877342,111.0637863066,188.6186310541
2024-08-29,139.2059550815,107.0116396011,186.9794392517,93.2667242721,111.0534119250,184.0033366890
2024-08-30,138.5851403038,105.9585140012,184.5278744339,93.7047008118,110.2160583940,183.0427120008
2024-09-02,137.6428447096,105.6058266033,185.6627017552,93.1924827486,109.9491209049,182.0749600404
2024-09-03,140.9266962933,108.0469819615,189.1638044012,92.9868906417,111.1311152126,183.4045396903
2024-09-04,140.7006286288,106.8520409839,189.4384916882,92.7261549562,110.3044834523,181.8409054037
2024-09-05,140.8583010024,105.9833964806,187.5686866421,92.9639609718,110.9199957152,180.9823985865
2024-09-06,142.0931407691,106.9124391360,188.8218959216,92.7955245596,110.6410127623,181.6486916662
2024-09-09,142.9506438911,107.5481631297,191.4133315469,92.1641229142,111.2965521903,181.3877161333
2024-09-10,140.8129948432,104.4998092949,186.3287723314,92.1714857891,110.4462192174,179.6678482227
2024-09-11,142.0783780476,105.2461911902,187.0832097074,91.9489164775,110.2351638656,177.4019287553
2024-09-12,143.4402131162,106.2299347869,184.7902279703,92.1429389542,110.5528124322,176.6111316450
2024-09-13,140.6497808819,105.1825243268,182.7275889825,92.6083964781,110.7416856189,176.7261768688
2024-09-16,141.1272649249,105.8122612001,182.2873385997,93.1750189515,111.0478892875,174.2572364898
2024-09-17,140.2200461810,104.1388083744,180.2437708582,93.3834553834,110.7815260123,173.8522716958
2024-09-18,137.3065007863,101.6448311030,176.1556620089,93.3660592163,110.3927310463,172.5188073011
2024-09-19,136.5840629203,101.0120374458,174.9186858367,93.6862288417,110.5896735803,170.5674489460
2024-09-20,137.7485863591,102.0330912416,174.7054769823,93.7107342742,110.5756029085,172.8523977782
2024-09-23,136.5488812365,101.5765397902,173.0987621275,93.7592732372,110.2412604108,173.1957083136
2024-09-24,136.7169486386,101.6514551026,174.2134089685,94.2794589356,110.7824892178,175.3840433050
2024-09-25,136.0399983994,100.9184383822,172.2838391970,94.7559577632,110.9872273973,171.2352169123
2024-09-26,134.4064711549,101.3693800877,172.4551009224,94.6565886265,110.9788806154,171.9924164836
2024-09-27,133.7469215733,101.1918518080,173.3772969222,94.6833847607,110.8061514465,173.8832076614
2024-09-30,133.1220053081,99.9726356040,169.4382583255,94.5664322836,110.2576473689,172.7369389786
2024-10-01,131.7061915764,99.7325125340,167.0645208396,95.0801971383,110.6014074727,170.8474680464
2024-10-02,131.6539720157,99.2433916936,164.5368151050,94.9448439374,109.8502096782,171.0642328129
2024-10-03,132.2425976368,100.4984943746,167.2129785166,95.3034781535,110.1780613855,170.4378232595
2024-10-04,133.6204121202,99.6416585125,165.5008529337,95.0612747904,109.8657325554,167.8230955201
2024-10-07,135.1708393882,101.1377938491,168.2290190513,94.8888603084,109.7747962306,166.5439651277
2024-10-08,133.5852538798,100.2692897014,166.2035412113,94.9948301272,108.9920231283,166.5939561833
2024-10-09,133.9071050871,100.6654220056,164.5116612000,95.2154887378,108.6639880769,163.9636511438
2024-10-10,131.6983640314,99.2260005760,160.6035400749,95.5167935122,107.8130678836,161.5967196829
2024-10-11,131.2008930009,99.0065611977,159.7827574200,95.6732902997,107.8094597279,160.8314134847
2024-10-14,128.6044448760,97.9232386921,156.8048855245,95.9264766968,107.0443090832,160.4244468601
2024-10-15,126.7580412669,96.8851469479,153.4978111092,96.0377443869,106.5304827707,159.6970579144
2024-10-16,126.7982025804,97.0899105549,153.1784455178,96.4314667083,106.4302187889,159.6147175235
2024-10-17,122.5079460008,94.6048196674,149.7230789649,96.7744605397,105.5044060992,159.7856284390
2024-10-18,121.7191551608,94.4796866670,148.4565647588,97.0236141545,105.5872991689,159.4272151442
2024-10-21,123.3657354174,95.1976232686,152.1280848088,96.7189195424,105.5759745543,161.3856219685
2024-10-22,123.8644820069,97.8309617259,155.4992702405,96.4022263047,106.3475691614,163.8957610635
2024-10-23,124.5380483613,96.1246934972,153.1660338100,96.8011366230,106.3515773604,165.5961699534
2024-10-24,126.9778693115,97.4986628129,156.5544794135,96.9959977874,106.9692262981,165.7238793924
2024-10-25,128.3009672177,99.4095948906,159.4152795862,96.6629769806,107.1391402150,164.2612832284
2024-10-28,126.1944716241,97.6962594489,156.3791181492,96.9698497092,106.3601262408,161.6864065796
2024-10-29,125.6078166266,97.5030360159,155.6918887732,96.6755784756,105.8972308453,161.2152401284
2024-10-30,125.2356505620,97.9653585098,157.2031146458,97.1760321013,106.0567050032,161.8477433283
2024-10-31,125.4156824801,97.2355086047,159.2260144359,96.8750257693,105.9291019440,160.4226873633
2024-11-01,124.9940537304,96.1477815873,160.4520557680,96.4799070534,105.4932400703,160.5874649188
2024-11-04,126.5151112138,96.4709961774,162.1500714680,95.9504572487,105.6795149760,163.2153720537
2024-11-05,126.9584185939,95.9707439145,161.2274200378,96.7981176033,106.3958666186,163.6374023456
2024-11-06,128.0525366811,96.3115266061,163.6070142590,97.1443528664,106.8682813560,166.0525673320
2024-11-07,126.3867983451,95.8348358474,162.9134368988,96.7875230734,106.6487413930,165.3215337627
2024-11-08,124.2854008355,95.4027443383,161.3273752708,97.2049451103,106.5039808490,164.9259016548
2024-11-11,125.6812235732,96.9098446349,163.7208571514,96.6907188580,107.1063353331,164.6938056520
2024-11-12,126.3307528139,97.0717364365,161.6843689053,96.8249637043,107.4380833431,162.8382462020
2024-11-13,126.9443396367,97.2318546913,162.5841863734,96.1147982535,106.8068319130,162.0617888086
2024-11-14,128.2973032306,98.6840442637,164.7935341438,95.7722681194,107.0494281224,164.6016070590
